ticker;category;isin;description
003H11;FUNDS;BR003HCTF006;KINEA CO-INVESTIMENTO FDO INV IMOB
02W511;FUNDS;BR02W5CTF007;LC I FUNDO DE INVESTIMENTO IMOBILIARIO
A1AP34;BDR;BRA1APBDR001;ADVANCE AUTO PARTS INC
A1BM34;BDR;BRA1BMBDR006;ABIOMED Inc
A1DI34;BDR;BRA1DIBDR000;ANALOG DEVICES INC
A1DM34;BDR;BRA1DMBDR002;ARCHER-DANIELS-MIDLAND CO
A1EE34;BDR;BRA1EEBDR007;AMEREN CORP
A1EN34;BDR;BRA1ENBDR008;ALLIANT ENERGY CORP
A1EP34;BDR;BRA1EPBDR003;AMERICAN ELECTRIC POWER CO INC
A1ES34;BDR;BRA1ESBDR007;AES CORP
A1FL34;BDR;BRA1FLBDR009;AFLAC INC
A1GI34;BDR;BRA1GIBDR003;AGILENT TECHNOLOGIES INC
A1GN34;BDR;BRA1GNBDR003;ALLEGION PLC
A1IV34;BDR;BRA1IVBDR002;APARTMENT INVESTMENT & MANAGEMENT CO
A1JG34;BDR;BRA1JGBDR001;ARTHUR J GALLAGHER & CO
A1KA34;BDR;BRA1KABDR002;AKAMAI TECHNOLOGIES INC
A1LB34;BDR;BRA1LBBDR008;ALBEMARLE CORP
A1LG34;BDR;BRA1LGBDR007;ALIGN TECHNOLOGY INC
A1LK34;BDR;BRA1LKBDR009;ALASKA AIR GROUP INC
A1LL34;BDR;BRA1LLBDR007;ALLIANCE DATA SYSTEMS CORP
A1LX34;BDR;BRA1LXBDR002;ALEXION PHARMACEUTICALS INC
A1MB34;BDR;BRA1MBBDR006;AMERISOURCEBERGEN CORP
A1MD34;BDR;BRA1MDBDR002;ADVANCED MICRO DEVICES INC
A1ME34;BDR;BRA1MEBDR000;AMETEK INC
A1MP34;BDR;BRA1MPBDR006;AMERIPRISE FINANCIAL INC
A1MT34;BDR;BRA1MTBDR008;APPLIED MATERIALS INC
A1NE34;BDR;BRA1NEBDR008;ARISTA NETWORKS INC
A1NS34;BDR;BRA1NSBDR008;ANSYS INC
A1NT34;BDR;BRA1NTBDR006;ANTHEM INC
A1ON34;BDR;BRA1ONBDR007;AON PLC
A1OS34;BDR;BRA1OSBDR006;AO SMITH CORP
A1PA34;BDR;BRA1PABDR001;APACHE CORP
A1PD34;BDR;BRA1PDBDR005;AIR PRODUCTS & CHEMICALS INC
A1PH34;BDR;BRA1PHBDR006;AMPHENOL CORP
A1RE34;BDR;BRA1REBDR009;ALEXANDRIA REAL ESTATE EQUITIES INC
A1SU34;BDR;BRA1SUBDR003;ASSURANT INC
A1TM34;BDR;BRA1TMBDR008;ATMOS ENERGY CORP
A1TT34;BDR;BRA1TTBDR003;ALLSTATE CORP
A1UT34;BDR;BRA1UTBDR001;AUTODESK INC
A1VB34;BDR;BRA1VBBDR007;AVALONBAY COMMUNITIES INC
A1VY34;BDR;BRA1VYBDR009;AVERY DENNISON CORP
A1WK34;BDR;BRA1WKBDR006;AMERICAN WATER WORKS CO INC
AALL34;BDR;BRAALLBDR003;AMERICAN AIRLINES GROUP INC.
AALR3;SHARES;BRAALRACNOR6;CENTRO DE IMAGEM DIAGNOSTICOS S.A.
AAPL34;BDR;BRAAPLBDR004;APPLE INC.
ABBV34;BDR;BRABBVBDR001;ABBVIE INC.
ABCB4;SHARES;BRABCBACNPR4;BCO ABC BRASIL S.A.
ABCP11;FUNDS;BRABCPCTF000;FDO INV IMOB GRAND PLAZA SHOPPING
ABEV3;SHARES;BRABEVACNOR1;AMBEV S.A.
ABTT34;BDR;BRABTTBDR007;ABBOTT LABORATORIES
ABUD34;BDR;BRABUDBDR009;ANHEUSER-BUSCH INBEV SA/NV
ACNB34;BDR;BRACNBBDR006;ACCENTURE PLC
ADBE34;BDR;BRADBEBDR003;ADOBE INC
ADHM3;SHARES;BRADHMACNOR9;ADVANCED DIGITAL HEALTH MEDICINA PREVENTIVA S.A.
ADPR34;BDR;BRADPRBDR005;AUTOMATIC DATA PROCESSING INC
AFCF11;FUNDS;BRAFCFCTF010;AFRICA FILMES S/C LTDA.
AFCR11;FUNDS;BRAFCRCTF007;AF INVEST FDO INV. IMOB. - RECEBÍVEIS IMOB.
AFCV12;FUNDS;BRAFCVCTF025;A F CINEMA E VIDEO LTDA
AFLT3;SHARES;BRAFLTACNOR1;AFLUENTE TRANSMISSÃO DE ENERGIA ELÉTRICA S/A
AFOF11;FUNDS;BRAFOFCTF007;ALIANZA FOFII FDO. INVEST. IMOB.
AGBK11;UNIT;BRAGBKCDAM10;BANCO AGIBANK S.A.
AGBK4;SHARES;BRAGBKACNPR6;BANCO AGIBANK S.A.
AGRA4;SHARES;BRAGRAACNPR3;AGRALE S/A
AGRO3;SHARES;BRAGROACNOR7;BRASILAGRO - CIA BRAS DE PROP AGRICOLAS
AHEB3;SHARES;BRAHEBACNOR0;SAO PAULO TURISMO S.A.
AHEB5;SHARES;BRAHEBACNPA3;SAO PAULO TURISMO S.A.
AHEB6;SHARES;BRAHEBACNPB1;SAO PAULO TURISMO S.A.
AIEC11;FUNDS;BRAIECCTF009;AUTONOMY EDIFÍCIOS CORPORATIVOS FUND. INV. IMOB.
AIGB34;BDR;BRAIGBBDR007;AMERICAN INTERNATIONAL GROUP INC.
ALEF3B;SHARES;BRALEFACNOR3;ALEF S.A.
ALMI11;FUNDS;BRALMICTF003;FDO INV IMOB - FII TORRE ALMIRANTE
ALPA3;SHARES;BRALPAACNOR0;ALPARGATAS S.A.
ALPA4;SHARES;BRALPAACNPR7;ALPARGATAS S.A.
ALPK3;SHARES;BRALPKACNOR9;ALLPARK EMPREENDIMENTOS PARTICIPACOES SERVICOS S.A
ALSO3;SHARES;BRALSOACNOR5;ALIANSCE SONAE SHOPPING CENTERS S.A.
ALUP11;UNIT;BRALUPCDAM15;ALUPAR INVESTIMENTO S/A
ALUP11F;UNIT;BRALUPCDAM15;ALUPAR INVESTIMENTO S/A
ALUP3;SHARES;BRALUPACNOR8;ALUPAR INVESTIMENTO S/A
ALUP4;SHARES;BRALUPACNPR5;ALUPAR INVESTIMENTO S/A
ALZR11;FUNDS;BRALZRCTF006;ALIANZA TRUST RENDA IMOBILIARIA FDO INV IMOB
AMAR3;SHARES;BRAMARACNOR4;MARISA LOJAS S.A.
AMBP3;SHARES;BRAMBPACNOR6;AMBIPAR PARTICIPACOES E EMPREENDIMENTOS S/A
AMGN34;BDR;BRAMGNBDR004;AMGEN INC.
AMZG11;UNIT;BRAMZGCDAM10;AMAZONAS DISTRIBUIDORA DE ENERGIA S.A.
AMZG3;SHARES;BRAMZGACNOR4;AMAZONAS DISTRIBUIDORA DE ENERGIA S.A.
AMZO34;BDR;BRAMZOBDR002;AMAZON.COM, INC
ANCR11B;FUNDS;BRANCRCTF001;FDO INV IMOB - FII ANCAR IC
ANGC11;FUNDS;BRANGCCTF004;FDO INV IMOB RENDA CORPORATIVA ANGICO - FII
ANIM3;SHARES;BRANIMACNOR6;ANIMA HOLDING S.A.
APER3;SHARES;BRAPERACNOR9;ALPER CONSULTORIA E CORRETORA DE SEGUROS S.A.
APTI3;SHARES;BRAPTIACNOR6;SIDERURGICA J. L. ALIPERTI S.A.
APTI4;SHARES;BRAPTIACNPR3;SIDERURGICA J. L. ALIPERTI S.A.
APTV34;BDR;BRAPTVBDR003;APTIV PLC
AQLL11;FUNDS;BRAQLLCTF008;ÁQUILLA FDO INV IMOB - FII
ARFI11B;FUNDS;BRARFICTF004;AQ3 RENDA FDO INV IMOB - FII
ARMT34;BDR;BRARMTBDR008;ARCELORMITTAL
ARNC34;BDR;BRARNCBDR002;HOWMET AEROSPACE INC.
ARRI11;FUNDS;BRARRICTF009;FDO. INV. IMOB. ÁTRIO REIT RECEBÍVEIS IMOBILIÁRIOS
ARZZ3;SHARES;BRARZZACNOR3;AREZZO INDÚSTRIA E COMÉRCIO S.A.
ASML34;BDR;BRASMLBDR003;ASML HOLDING NV
ATCR11;FUNDS;BRATCRCTF008;HAZ FDO INV IMOB - FII
ATMP3;SHARES;BRATMPACNOR8;ATMA PARTICIPAÇÕES S.A.
ATOM3;SHARES;BRATOMACNOR1;ATOM EMPREENDIMENTOS E PARTICIPAÇÕES S.A.
ATSA11;FUNDS;BRATSACTF000;HEDGE ATRIUM SHOPPING SANTO ANDRE FDO INV IMOB
ATTB34;BDR;BRATTBBDR007;AT&T INC.
ATVI34;BDR;BRATVIBDR008;ACTIVISION BLIZZARD INC
AURA32;BDR;BRAURABDR001;AURA MINERALS INC.
AURA33;BDR;BRAURABDR001;AURA MINERALS INC.
AVGO34;BDR;BRAVGOBDR003;BROADCOM INC
AWII34;BDR;BRAWIIBDR009;ARMSTRONG WORLD INDUSTRIES INC
AXPB34;BDR;BRAXPBBDR007;AMERICAN EXPRESS COMPANY
AZEV3;SHARES;BRAZEVACNOR0;AZEVEDO E TRAVASSOS S.A.
AZEV4;SHARES;BRAZEVACNPR7;AZEVEDO E TRAVASSOS S.A.
AZOI34;BDR;BRAZOIBDR000;AUTOZONE INC
AZUL4;SHARES;BRAZULACNPR4;AZUL S.A.
B1AX34;BDR;BRB1AXBDR004;BAXTER INTERNATIONAL INC
B1BT34;BDR;BRB1BTBDR000;TRUIST FINANCIAL CORPORATION
B1DX34;BDR;BRB1DXBDR008;BECTON DICKINSON AND CO
B1FC34;BDR;BRB1FCBDR007;BROWN FORMAN CORP
B1KR34;BDR;BRB1KRBDR005;BAKER HUGHES CO
B1LL34;BDR;BRB1LLBDR006;BALL CORP
B1MR34;BDR;BRB1MRBDR001;BIOMARIN PHARMACEUTICAL INC
B1RF34;BDR;BRB1RFBDR005;BROADRIDGE FINANCIAL SOLUTIONS INC
B1SX34;BDR;BRB1SXBDR006;BOSTON SCIENTIFIC CORP
B1WA34;BDR;BRB1WABDR006;BORGWARNER INC
B3SA3;SHARES;BRB3SAACNOR6;B3 S.A. - BRASIL, BOLSA, BALCÃO
BABA34;BDR;BRBABABDR005;ALIBABA GROUP HOLDING LTD
BAHI3;SHARES;BRBAHIACNOR1;BAHEMA EDUCAÇÃO S.A.
BALM3;SHARES;BRBALMACNOR5;BAUMER S.A.
BALM4;SHARES;BRBALMACNPR2;BAUMER S.A.
BARI11;FUNDS;BRBARICTF003;FDO INV IMOB BARIGUI RENDIMENTOS IMOB I FII
BAUH3;SHARES;BRBAUHACNOR6;EXCELSIOR ALIMENTOS S.A.
BAUH4;SHARES;BRBAUHACNPR3;EXCELSIOR ALIMENTOS S.A.
BAZA3;SHARES;BRBAZAACNOR0;BCO AMAZONIA S.A.
BBAS11;SHARES;BRBBASA04OR8;BCO BRASIL S.A.
BBAS12;SHARES;BRBBASA05OR5;BCO BRASIL S.A.
BBAS3;SHARES;BRBBASACNOR3;BCO BRASIL S.A.
BBDC3;SHARES;BRBBDCACNOR1;BCO BRADESCO S.A.
BBDC4;SHARES;BRBBDCACNPR8;BCO BRADESCO S.A.
BBFI11B;FUNDS;BRBBFICTF006;BB FDO INV IMOB PROGRESSIVO
BBFP11;FUNDS;BRBBFPCTF019;BANG BANG FILMES PRODUCOES LTDA.
BBIM11;FUNDS;BRBBIMCTF002;BB RECEBIVEIS IMOBILIARIOS FDO INV IMOB - FII
BBML3;SHARES;BRBBMLACNOR3;BBM LOGISTICA S.A.
BBPO11;FUNDS;BRBBPOCTF003;BB PROGRESSIVO II FDO INV IMOB - FII
BBRC11;FUNDS;BRBBRCCTF004;BB RENDA CORPORATIVA FDO INV IMOB - FII
BBRK3;SHARES;BRBBRKACNOR4;BRASIL BROKERS PARTICIPACOES S.A.
BBSE3;SHARES;BRBBSEACNOR5;BB SEGURIDADE PARTICIPAÇÕES S.A.
BBVJ11;FUNDS;BRBBVJCTF001;FDO INV IMOB BB VOTORANTIM C JARD CONT TOWER
BBYY34;BDR;BRBBYYBDR005;BEST BUY CO., INC.
BCFF11;FUNDS;BRBCFFCTF000;FDO INV IMOB - FII BTG PACTUAL FUNDO DE FUNDOS
BCIA11;FUNDS;BRBCIACTF005;BRADESCO CARTEIRA IMOBILIÁRIA ATIVA - FII
BCPS3;SHARES;BRBCPSACNOR9;CLARO S.A.
BCPS4;SHARES;BRBCPSACNPR6;CLARO S.A.
BCRI11;FUNDS;BRBCRICTF009;BANESTES RECEBÍVEIS IMOBILIÁRIOS FDO INV IMOB  FII
BCSA34;BDR;BRBCSABDR005;BANCO SANTANDER SA
BDLL3;SHARES;BRBDLLACNOR1;BARDELLA S.A. INDUSTRIAS MECANICAS
BDLL4;SHARES;BRBDLLACNPR8;BARDELLA S.A. INDUSTRIAS MECANICAS
BEEF3;SHARES;BRBEEFACNOR6;MINERVA S.A.
BEES3;SHARES;BRBEESACNOR9;BANESTES S.A. - BCO EST ESPIRITO SANTO
BEES4;SHARES;BRBEESACNPR6;BANESTES S.A. - BCO EST ESPIRITO SANTO
BEGB4;SHARES;BRBEGBACNPR7;BANCO BERJ S.A.
BERK34;BDR;BRBERKBDR002;BERKSHIRE HATHAWAY INC.
BETP3B;SHARES;BRBETPACNOR3;BETAPART PARTICIPACOES S.A.
BGIP3;SHARES;BRBGIPACNOR1;BCO ESTADO DE SERGIPE S.A. - BANESE
BGIP4;SHARES;BRBGIPACNPR8;BCO ESTADO DE SERGIPE S.A. - BANESE
BHPG34;BDR;BRBHPGBDR007;BHP GROUP LTD
BICR11;FUNDS;BRBICRCTF009;INTER TÍTULOS IMOB. FDO INV. IMOB.
BIDI11;UNIT;BRBIDICDAXX3;BANCO INTER S.A.
BIDI11F;UNIT;BRBIDICDAXX3;BANCO INTER S.A.
BIDI3;SHARES;BRBIDIACNOR3;BANCO INTER S.A.
BIDI4;SHARES;BRBIDIACNPR0;BANCO INTER S.A.
BIDU34;BDR;BRBIDUBDR002;BAIDU INC
BIGD11;FUNDS;BRBIGDCTF018;BIGDENI FILMES DO BRASIL LTDA.
BIIB34;BDR;BRBIIBBDR001;BIOGEN INC.
BILB34;BDR;BRBILBBDR005;BANCO BILBAO VIZCAYA ARGENTARIA SA
BIOM3;SHARES;BRBIOMACNOR2;BIOMM S.A.
BKBR3;SHARES;BRBKBRACNOR4;BK BRASIL OPERAÇÃO E ASSESSORIA A RESTAURANTES SA
BKNG34;BDR;BRBKNGBDR006;BOOKING HOLDINGS INC
BKOI11;FUNDS;BRBKOICTF009;FDO INV PART BKO I MULTIESTRATEGIA
BLAK34;BDR;BRBLAKBDR003;BLACKROCK, INC.
BLAU3;SHARES;BRBLAUACNOR8;BLAU FARMACÊUTICA S.A.
BLCP11;FUNDS;BRBLCPCTF007;BLUECAP RENDA LOG. FDO INV. IMOB. - FII
BLMO11;FUNDS;BRBLMOCTF009;BLUEMACAW OFFICE FUND II - FDO. INVEST. IMOB.
BMEB3;SHARES;BRBMEBACNOR8;BCO MERCANTIL DO BRASIL S.A.
BMEB4;SHARES;BRBMEBACNPR5;BCO MERCANTIL DO BRASIL S.A.
BMGB4;SHARES;BRBMGBACNPR0;BANCO BMG S.A.
BMII11;FUNDS;BRBMIICTF007;FDO BRASÍLIO MACHADO DE INVESTIMENTO IMOBILIÁRIO
BMIN3;SHARES;BRBMINACNOR4;BCO MERCANTIL DE INVESTIMENTOS S.A.
BMIN4;SHARES;BRBMINACNPR1;BCO MERCANTIL DE INVESTIMENTOS S.A.
BMKS3;SHARES;BRBMKSACNOR9;BICICLETAS MONARK S.A.
BMLC11B;FUNDS;BRBMLCCTF004;FDO INV IMOB - FII BM BRASCAN LAJES CORPORATIVAS
BMYB34;BDR;BRBMYBBDR000;BRISTOL-MYERS SQUIBB COMPANY
BNBR3;SHARES;BRBNBRACNOR8;BCO NORDESTE DO BRASIL S.A.
BNFS11;FUNDS;BRBNFSCTF000;BANRISUL NOVAS FRONTEIRAS FDO INV IMOB - FII
BOAC34;BDR;BRBOACBDR004;BANK OF AMERICA CORPORATION
BOBR3;SHARES;BRBOBRACNOR6;BOMBRIL S.A.
BOBR4;SHARES;BRBOBRACNPR3;BOMBRIL S.A.
BOEI34;BDR;BRBOEIBDR003;THE BOEING COMPANY
BONY34;BDR;BRBONYBDR001;THE BANK OF NEW YORK MELLON CORPORATION
BOXP34;BDR;BRBOXPBDR008;BOSTON PROPERTIES, INC
BPAC11;UNIT;BRBPACUNT006;BCO BTG PACTUAL S.A.
BPAC11F;UNIT;BRBPACUNT006;BCO BTG PACTUAL S.A.
BPAC13;UNIT;BRBPACUNT014;BCO BTG PACTUAL S.A.
BPAC13F;UNIT;BRBPACUNT014;BCO BTG PACTUAL S.A.
BPAC3;SHARES;BRBPACACNOR7;BCO BTG PACTUAL S.A.
BPAC5;SHARES;BRBPACACNPA0;BCO BTG PACTUAL S.A.
BPAN11;SHARES;BRBPANARNPR9;BCO PAN S.A.
BPAN4;SHARES;BRBPANACNPR1;BCO PAN S.A.
BPAR3;SHARES;BRBPARACNOR5;BCO ESTADO DO PARA S.A.
BPFF11;FUNDS;BRBPFFCTF002;FDO INV IMOB BRASIL PLURAL ABSOLUTO FDO DE FUNDOS
BPMA11;FUNDS;BRBPMACTF009;BRIO PRIME MALLS - FDO. INVEST. IMOB.
BPML11;FUNDS;BRBPMLCTF006;FDO INV IMOB BTG PACTUAL SHOPPINGS
BPRP11;FUNDS;BRBPRPCTF006;FDO INV IMOB - FII BRLPROP
BRAP3;SHARES;BRBRAPACNOR5;BRADESPAR S.A.
BRAP4;SHARES;BRBRAPACNPR2;BRADESPAR S.A.
BRCO11;FUNDS;BRBRCOCTF007;BRESCO LOGÍSTICA - FDO INV IMOB
BRCP11;FUNDS;BRBRCPCTF004;FDO BRASCAN DE PETROLEO GAS E ENERG-FIP
BRCR11;FUNDS;BRBRCRCTF000;FDO INV IMOB - FII BTG PACTUAL CORP. OFFICE FUND
BRDT3;SHARES;BRBRDTACNOR1;PETROBRAS DISTRIBUIDORA S/A
BREV11;FUNDS;BRBREVCTF008;BRAZIL REAL ESTATE VICTORY FUND I - FDO. INV. IMOB
BRFS3;SHARES;BRBRFSACNOR8;BRF S.A.
BRGE11;SHARES;BRBRGEACNPE1;CONSORCIO ALFA DE ADMINISTRACAO S.A.
BRGE12;SHARES;BRBRGEACNPF8;CONSORCIO ALFA DE ADMINISTRACAO S.A.
BRGE3;SHARES;BRBRGEACNOR6;CONSORCIO ALFA DE ADMINISTRACAO S.A.
BRGE5;SHARES;BRBRGEACNPA9;CONSORCIO ALFA DE ADMINISTRACAO S.A.
BRGE6;SHARES;BRBRGEACNPB7;CONSORCIO ALFA DE ADMINISTRACAO S.A.
BRGE7;SHARES;BRBRGEACNPC5;CONSORCIO ALFA DE ADMINISTRACAO S.A.
BRGE8;SHARES;BRBRGEACNPD3;CONSORCIO ALFA DE ADMINISTRACAO S.A.
BRHT11B;FUNDS;BRBRHTCTF005;FDO INV IMOB BR HOTEIS - FII
BRIM11B;FUNDS;BRBRIMCTF008;BRIO REAL ESTATE II - FDO INV IMOB
BRIV3;SHARES;BRBRIVACNOR6;BCO ALFA DE INVESTIMENTO S.A.
BRIV4;SHARES;BRBRIVACNPR3;BCO ALFA DE INVESTIMENTO S.A.
BRKM3;SHARES;BRBRKMACNOR1;BRASKEM S.A.
BRKM5;SHARES;BRBRKMACNPA4;BRASKEM S.A.
BRKM6;SHARES;BRBRKMACNPB2;BRASKEM S.A.
BRML3;SHARES;BRBRMLACNOR9;BR MALLS PARTICIPACOES S.A.
BRPR11;SHARES;BRBRPRA01OR0;BR PROPERTIES S.A.
BRPR3;SHARES;BRBRPRACNOR9;BR PROPERTIES S.A.
BRQB3;SHARES;BRBRQBACNOR1;BRQ SOLUCOES EM INFORMATICA S.A.
BRSR3;SHARES;BRBRSRACNOR3;BCO ESTADO DO RIO GRANDE DO SUL S.A.
BRSR5;SHARES;BRBRSRACNPA6;BCO ESTADO DO RIO GRANDE DO SUL S.A.
BRSR6;SHARES;BRBRSRACNPB4;BCO ESTADO DO RIO GRANDE DO SUL S.A.
BRZP11;FUNDS;BRBRZPCTF005;BRZ INFRA PORTOS FDO, INV. EM PART. INFRAESTRUTURA
BSEV3;SHARES;BRBSEVACNOR3;BIOSEV S.A.
BSLI3;SHARES;BRBSLIACNOR5;BRB BCO DE BRASILIA S.A.
BSLI4;SHARES;BRBSLIACNPR2;BRB BCO DE BRASILIA S.A.
BTCR11;FUNDS;BRBTCRCTF006;FDO INV IMOB - BTG PACTUAL CREDITO IMOBILIARIO
BTLG11;FUNDS;BRBTLGCTF000;BTG PACTUAL LOGISTICA FDO INV IMOB - FII
BTOW3;SHARES;BRBTOWACNOR8;B2W - COMPANHIA DIGITAL
BTSG11;FUNDS;BRBTSGCTF005;BTSP I FDO. INVEST. IMOB - FII
BTTL3;SHARES;BRBTTLACNOR0;BATTISTELLA ADM PARTICIPACOES S.A.
BUHY11;FUNDS;BRBUHYCTF009;CAMBUHY I FDO INV EM ACOES
BVAR11;FUNDS;BRBVARCTF006;FDO INV IMOB BRASIL VAREJO - FII
BVEN11;UNIT;BRBVENUNT003;BOA VISTA ENERGIA S.A.
BVEN3;SHARES;BRBVENACNOR4;BOA VISTA ENERGIA S.A.
BZLI11;FUNDS;BRBZLICTF003;BRAZIL REALTY FDO INV IMOB
C1AG34;BDR;BRC1AGBDR008;CONAGRA BRANDS INC
C1AH34;BDR;BRC1AHBDR006;CARDINAL HEALTH INC
C1BL34;BDR;BRC1BLBDR006;CHUBB LTD
C1BO34;BDR;BRC1BOBDR000;CBOE GLOBAL MARKETS INC
C1BR34;BDR;BRC1BRBDR003;CBRE GROUP INC
C1BS34;BDR;BRC1BSBDR001;VIACOMCBS Inc.
C1CI34;BDR;BRC1CIBDR000;CROWN CASTLE INTERNATIONAL CORP
C1CL34;BDR;BRC1CLBDR004;CARNIVAL CORP
C1DN34;BDR;BRC1DNBDR008;CADENCE DESIGN SYSTEMS INC
C1ER34;BDR;BRC1ERBDR007;CERNER CORP
C1FG34;BDR;BRC1FGBDR007;CITIZENS FINANCIAL GROUP INC
C1FI34;BDR;BRC1FIBDR003;CF INDUSTRIES HOLDINGS INC
C1HK34;BDR;BRC1HKBDR005;CHECK POINT SOFTWARE TECHNOLOGIES LTD
C1HR34;BDR;BRC1HRBDR000;CH ROBINSON WORLDWIDE INC
C1IC34;BDR;BRC1ICBDR000;Cigna Corp
C1MA34;BDR;BRC1MABDR006;COMERICA INC
C1MG34;BDR;BRC1MGBDR003;CHIPOTLE MEXICAN GRILL INC
C1MI34;BDR;BRC1MIBDR009;CUMMINS INC
C1MS34;BDR;BRC1MSBDR008;CMS ENERGY CORP
C1NC34;BDR;BRC1NCBDR000;CENTENE CORP
C1NP34;BDR;BRC1NPBDR002;CENTERPOINT ENERGY INC
C1NS34;BDR;BRC1NSBDR006;CELANESE CORP
C1OG34;BDR;BRC1OGBDR009;CABOT OIL & GAS CORP
C1OO34;BDR;BRC1OOBDR003;COOPER COMPANIES INC
C1PB34;BDR;BRC1PBBDR007;Campbell Soup Co
C1PR34;BDR;BRC1PRBDR003;COPART INC
C1TA34;BDR;BRC1TABDR001;CINTAS CORP
C1TL34;BDR;BRC1TLBDR008;CENTURYLINK INC
C1TX34;BDR;BRC1TXBDR003;CITRIX SYSTEMS INC
C1XO34;BDR;BRC1XOBDR004;CONCHO RESOURCES INC
CABI3B;SHARES;BRCABIACNOR2;CABINDA PARTICIPACOES S.A.
CACO3B;SHARES;BRCACOACNOR8;CACONDE PARTICIPACOES S.A.
CAIA3B;SHARES;BRCAIAACNOR4;CAIANDA PARTICIPACOES S.A.
CAJI34;BDR;BRCAJIBDR009;CANON INC
CALI3;SHARES;BRCALIACNOR1;CONSTRUTORA ADOLPHO LINDENBERG S.A.
CALI4;SHARES;BRCALIACNPR8;CONSTRUTORA ADOLPHO LINDENBERG S.A.
CAMB3;SHARES;BRCAMBACNOR4;CAMBUCI S.A.
CAML3;SHARES;BRCAMLACNOR3;CAMIL ALIMENTOS S.A.
CAON34;BDR;BRCAONBDR009;CAPITAL ONE FINANCIAL CORP
CAPH34;BDR;BRCAPHBDR008;CAPRI HOLDINGS LTD
CARD3;SHARES;BRCARDACNOR9;CSU CARDSYSTEM S.A.
CARE11;FUNDS;BRCARECTF000;BRAZILIAN GRAVEYARD DEATH CARE FDO INV IMOB - FII
CASN3;SHARES;BRCASNACNOR6;CIA CATARINENSE DE AGUAS E SANEAM.-CASAN
CASN4;SHARES;BRCASNACNPR3;CIA CATARINENSE DE AGUAS E SANEAM.-CASAN
CATA3;SHARES;BRCATAACNOR1;CIA INDUSTRIAL CATAGUASES
CATA4;SHARES;BRCATAACNPR8;CIA INDUSTRIAL CATAGUASES
CATP34;BDR;BRCATPBDR003;CATERPILLAR INC.
CBEE3;SHARES;BRCBEEACNOR3;AMPLA ENERGIA E SERVICOS S.A.
CBOP11;FUNDS;BRCBOPCTF001;CASTELLO BRANCO OFFICE PARK FDO INV IMOB - FII
CCAT3;SHARES;BRCCATACNOR7;COMFIO COMPANHIA CATARINENSE DE FIACAO
CCAT4;SHARES;BRCCATACNPR4;COMFIO COMPANHIA CATARINENSE DE FIACAO
CCPR3;SHARES;BRCCPRACNOR9;CYRELA COMMERCIAL PROPERT S.A. EMPR PART
CCRO3;SHARES;BRCCROACNOR2;CCR S.A.
CEAB3;SHARES;BRCEABACNOR1;CEA MODAS S.A.
CEAC11;UNIT;BRCEACUNT008;ENERGISA ACRE - DISTRIBUIDORA DE ENERGIA S.A
CEAC3;SHARES;BRCEACACNOR9;ENERGISA ACRE - DISTRIBUIDORA DE ENERGIA S.A
CEAC4;SHARES;BRCEACACNPR6;ENERGISA ACRE - DISTRIBUIDORA DE ENERGIA S.A
CEAG3;SHARES;BRCEAGACNOR0;CIA DE ENTREPOSTOS E ARMAZENS GERAIS SP
CEAL11;UNIT;BRCEALCDAM10;COMPANHIA ENERGETICA DE ALAGOAS
CEAL3;SHARES;BRCEALACNOR0;COMPANHIA ENERGETICA DE ALAGOAS
CEAL4;SHARES;BRCEALACNPR7;COMPANHIA ENERGETICA DE ALAGOAS
CEBR3;SHARES;BRCEBRACNOR5;CIA ENERGETICA DE BRASILIA
CEBR5;SHARES;BRCEBRACNPA8;CIA ENERGETICA DE BRASILIA
CEBR6;SHARES;BRCEBRACNPB6;CIA ENERGETICA DE BRASILIA
CEDO3;SHARES;BRCEDOACNOR8;CIA FIACAO TECIDOS CEDRO CACHOEIRA
CEDO4;SHARES;BRCEDOACNPR5;CIA FIACAO TECIDOS CEDRO CACHOEIRA
CEEB3;SHARES;BRCEEBACNOR3;CIA ELETRICIDADE EST. DA BAHIA - COELBA
CEEB5;SHARES;BRCEEBACNPA6;CIA ELETRICIDADE EST. DA BAHIA - COELBA
CEEB6;SHARES;BRCEEBACNPB4;CIA ELETRICIDADE EST. DA BAHIA - COELBA
CEED3;SHARES;BRCEEDACNOR9;CIA ESTADUAL DE DISTRIB ENER ELET-CEEE-D
CEED4;SHARES;BRCEEDACNPR6;CIA ESTADUAL DE DISTRIB ENER ELET-CEEE-D
CEGR3;SHARES;BRCEGRACNOR4;CIA DISTRIB DE GAS DO RIO DE JANEIRO-CEG
CEOC11;FUNDS;BRCEOCCTF003;FDO INV IMOB - FII CEO CYRELA COMMERC. PROPERTIES
CEPE3;SHARES;BRCEPEACNOR3;CIA ENERGETICA DE PERNAMBUCO - CELPE
CEPE5;SHARES;BRCEPEACNPA6;CIA ENERGETICA DE PERNAMBUCO - CELPE
CEPE6;SHARES;BRCEPEACNPB4;CIA ENERGETICA DE PERNAMBUCO - CELPE
CERO3;SHARES;BRCEROACNOR8;CENTRAIS ELETRICAS DE RONDONIA S/A CERON
CESA3;SHARES;BRCESAACNOR5;CIA ESTADUAL DE SILOS E ARMAZENS
CESP3;SHARES;BRCESPACNOR3;CESP - CIA ENERGETICA DE SAO PAULO
CESP5;SHARES;BRCESPACNPA6;CESP - CIA ENERGETICA DE SAO PAULO
CESP6;SHARES;BRCESPACNPB4;CESP - CIA ENERGETICA DE SAO PAULO
CFHO3;SHARES;BRCFHOACNOR6;CARVALHO HOLDINGS SA
CFHO4;SHARES;BRCFHOACNPR3;CARVALHO HOLDINGS SA
CGAS3;SHARES;BRCGASACNOR0;CIA GAS DE SAO PAULO - COMGAS
CGAS5;SHARES;BRCGASACNPA3;CIA GAS DE SAO PAULO - COMGAS
CGOS3;SHARES;BRCGOSACNOR1;CELG DISTRIBUICAO S.A. - CELG D
CGRA3;SHARES;BRCGRAACNOR2;GRAZZIOTIN S.A.
CGRA4;SHARES;BRCGRAACNPR9;GRAZZIOTIN S.A.
CHCM34;BDR;BRCHCMBDR001;CHARTER COMMUNICATIONS INC
CHDC34;BDR;BRCHDCBDR000;CHURCH & DWIGHT CO INC
CHKE34;BDR;BRCHKEBDR001;CHESAPEAKE ENERGY CORPORATION
CHME34;BDR;BRCHMEBDR007;CME GROUP INC.
CHVX34;BDR;BRCHVXBDR008;CHEVRON CORPORATION
CIEL3;SHARES;BRCIELACNOR3;CIELO S.A.
CINF34;BDR;BRCINFBDR000;CINCINNATI FINANCIAL CORP
CJFI11;FUNDS;BRCJFICTF007;FDO INV IMOB CJ - FII
CLSC3;SHARES;BRCLSCACNOR6;CENTRAIS ELET DE SANTA CATARINA S.A.
CLSC4;SHARES;BRCLSCACNPR3;CENTRAIS ELET DE SANTA CATARINA S.A.
CLXC34;BDR;BRCLXCBDR000;CLOROX COMPANY
CMCS34;BDR;BRCMCSBDR008;COMCAST CORPORATION
CMIG3;SHARES;BRCMIGACNOR6;CIA ENERGETICA DE MINAS GERAIS - CEMIG
CMIG4;SHARES;BRCMIGACNPR3;CIA ENERGETICA DE MINAS GERAIS - CEMIG
CMNS3;SHARES;BRCMNSACNOR1;CMN SOLUTIONS AO18 PARTICIPACOES S.A.
CMSA3;SHARES;BRCMSAACNOR8;CIMS S.A.
CMSA4;SHARES;BRCMSAACNPR5;CIMS S.A.
CNES11;FUNDS;BRCNESCTF001;FDO INV IMOB - FII CENESP
CNIC34;BDR;BRCNICBDR007;CANADIAN NATIONAL RAILWAY CO
CNRT5;SHARES;BRCNRTACNPA1;CICANORTE IND CONSERVAS ALIMENTICIAS S.A
CNSY3;SHARES;BRCNSYACNOR6;CINESYSTEM S.A.
CNTO3;SHARES;BRCNTOACNOR5;GRUPO SBF SA
COCA34;BDR;BRCOCABDR002;THE COCA-COLA COMPANY
COCE3;SHARES;BRCOCEACNOR0;CIA ENERGETICA DO CEARA - COELCE
COCE5;SHARES;BRCOCEACNPA3;CIA ENERGETICA DO CEARA - COELCE
COCE6;SHARES;BRCOCEACNPB1;CIA ENERGETICA DO CEARA - COELCE
COCN5;SHARES;BRCOCNACNPA4;CIA DE COCOS DO NORDESTE
COGN3;SHARES;BRCOGNACNOR2;COGNA EDUCAÇÃO S.A.
COLG34;BDR;BRCOLGBDR000;COLGATE-PALMOLIVE COMPANY
COPH34;BDR;BRCOPHBDR009;CONOCOPHILLIPS
CORR3;SHARES;BRCORRACNOR0;CORREA RIBEIRO S.A. COMERCIO E INDUSTRIA
CORR4;SHARES;BRCORRACNPR7;CORREA RIBEIRO S.A. COMERCIO E INDUSTRIA
COTY34;BDR;BRCOTYBDR006;COTY, INC.
COWC34;BDR;BRCOWCBDR006;COSTCO WHOLESALE CORPORATION
CPCH3;SHARES;BRCPCHACNOR0;CAPITAL CENTER HOTEIS S.A.
CPCH7;SHARES;BRCPCHACNPC9;CAPITAL CENTER HOTEIS S.A.
CPFE3;SHARES;BRCPFEACNOR0;CPFL ENERGIA S.A.
CPFF11;FUNDS;BRCPFFCTF000;CAPITÂNIA REIT FOF - FDO. INVEST. IMOB
CPIS11;UNIT;BRCPISUNT003;COMPANHIA ENERGETICA DO PIAUI
CPIS12;UNIT;BRCPISUNT011;COMPANHIA ENERGETICA DO PIAUI
CPIS3;SHARES;BRCPISACNOR4;COMPANHIA ENERGETICA DO PIAUI
CPIS4;SHARES;BRCPISACNPR1;COMPANHIA ENERGETICA DO PIAUI
CPLE3;SHARES;BRCPLEACNOR8;CIA PARANAENSE DE ENERGIA - COPEL
CPLE5;SHARES;BRCPLEACNPA1;CIA PARANAENSE DE ENERGIA - COPEL
CPLE6;SHARES;BRCPLEACNPB9;CIA PARANAENSE DE ENERGIA - COPEL
CPNO7;SHARES;BRCPNOACNPC2;COPENOR - CIA PETROQUIMICA DO NORDESTE
CPRE3;SHARES;BRCPREACNOR5;CPFL ENERGIAS RENOVÁVEIS S.A.
CPRL34;BDR;BRCPRLBDR004;CANADIAN PACIFIC RAILWAY LTD
CPTP3B;SHARES;BRCPTPACNOR7;CAPITALPART PARTICIPACOES S.A.
CPTS11;FUNDS;BRCPTSCTF004;CAPITANIA SECURITIES II FDO INV IMOB - FII
CRDA34;BDR;BRCRDABDR003;CREDIT ACCEPTANCE CORP
CRDE3;SHARES;BRCRDEACNOR1;CR2 EMPREENDIMENTOS IMOBILIARIOS S.A.
CRFB3;SHARES;BRCRFBACNOR2;ATACADÃO S.A.
CRFF11;FUNDS;BRCRFFCTF006;CAIXA RIO BRAVO FDO DE FDOS INV IMOB II
CRHP34;BDR;BRCRHPBDR002;CRH PLC
CRIN34;BDR;BRCRINBDR005;CARTERS INC
CRIP34;BDR;BRCRIPBDR000;TRIP.COM GROUP LIMITED
CRIV3;SHARES;BRCRIVACNOR4;FINANCEIRA ALFA S.A.- CRED FINANC E INVS
CRIV4;SHARES;BRCRIVACNPR1;FINANCEIRA ALFA S.A.- CRED FINANC E INVS
CRML4;SHARES;BRCRMLACNPR4;CARBOMIL S.A.
CRPC4;SHARES;BRCRPCACNPR6;CRP CADERI CAPITAL DE RISCO S/A
CRPG3;SHARES;BRCRPGACNOR0;TRONOX PIGMENTOS DO BRASIL S.A.
CRPG5;SHARES;BRCRPGACNPA3;TRONOX PIGMENTOS DO BRASIL S.A.
CRPG6;SHARES;BRCRPGACNPB1;TRONOX PIGMENTOS DO BRASIL S.A.
CRPM11;FUNDS;BRCRPMCTF001;VOTORANTIM CARDIO PULMONAR FDO INV IMOB - FII
CRPM12;FUNDS;BRCRPMCTF019;VOTORANTIM CARDIO PULMONAR FDO INV IMOB - FII
CRTE3B;SHARES;BRCRTEACNOR7;CONC RIO-TERESOPOLIS S.A.
CRTE5B;SHARES;BRCRTEACNPA0;CONC RIO-TERESOPOLIS S.A.
CSAB3;SHARES;BRCSABACNOR1;CIA SEGUROS ALIANCA DA BAHIA
CSAB4;SHARES;BRCSABACNPR8;CIA SEGUROS ALIANCA DA BAHIA
CSAL4;SHARES;BRCSALACNPR7;CIA ABASTEC. D''AGUA E SAN. EST. ALAGOAS
CSAM3;SHARES;BRCSAMACNOR8;COSAMA - CIA DE SANEAMENTO DA AMAZONIA
CSAM4;SHARES;BRCSAMACNPR5;COSAMA - CIA DE SANEAMENTO DA AMAZONIA
CSAN3;SHARES;BRCSANACNOR6;COSAN S.A.
CSCO34;BDR;BRCSCOBDR004;CISCO SYSTEMS, INC.
CSMG3;SHARES;BRCSMGACNOR5;CIA SANEAMENTO DE MINAS GERAIS-COPASA MG
CSNA3;SHARES;BRCSNAACNOR6;CIA SIDERURGICA NACIONAL
CSRN3;SHARES;BRCSRNACNOR0;CIA ENERGETICA DO RIO GDE NORTE - COSERN
CSRN5;SHARES;BRCSRNACNPA3;CIA ENERGETICA DO RIO GDE NORTE - COSERN
CSRN6;SHARES;BRCSRNACNPB1;CIA ENERGETICA DO RIO GDE NORTE - COSERN
CSXC34;BDR;BRCSXCBDR005;CSX CORP
CTBA11B;SHARES;BRCTBACPA001;PREFEITURA MUNICIPAL DE CURITIBA
CTCA3;SHARES;BRCTCAACNOR7;CTC - CENTRO DE TECNOLOGIA CANAVIEIRA S.A.
CTGP34;BDR;BRCTGPBDR000;CITIGROUP INC.
CTKA3;SHARES;BRCTKAACNOR0;KARSTEN S.A.
CTKA4;SHARES;BRCTKAACNPR7;KARSTEN S.A.
CTNM3;SHARES;BRCTNMACNOR9;CIA TECIDOS NORTE DE MINAS COTEMINAS
CTNM4;SHARES;BRCTNMACNPR6;CIA TECIDOS NORTE DE MINAS COTEMINAS
CTSA3;SHARES;BRCTSAACNOR3;CIA TECIDOS SANTANENSE
CTSA4;SHARES;BRCTSAACNPR0;CIA TECIDOS SANTANENSE
CTSA8;SHARES;BRCTSAACNPD0;CIA TECIDOS SANTANENSE
CTSH34;BDR;BRCTSHBDR002;COGNIZANT TECHNOLOGY SOLUTIONS
CTXT11;FUNDS;BRCTXTCTF014;FDO INV IMOB CENTRO TEXTIL INTERNACIONAL
CVBI11;FUNDS;BRCVBICTF001;FDO INV. IMOB. VBI CRI
CVCB3;SHARES;BRCVCBACNOR1;CVC BRASIL OPERADORA E AGÊNCIA DE VIAGENS S.A.
CVSH34;BDR;BRCVSHBDR008;CVS HEALTH CORPORATION
CXCE11B;FUNDS;BRCXCECTF004;FDO INV IMOB CAIXA CEDAE
CXRI11;FUNDS;BRCXRICTF003;CAIXA RIO BRAVO FUNDO DE FDO INV IMOB - FII
CXTL11;FUNDS;BRCXTLCTF003;FDO INV IMOB CAIXA TRX LOGÍSTICA RENDA
CYRE3;SHARES;BRCYREACNOR7;CYRELA BRAZIL REALTY S.A.EMPREEND E PART
D1EL34;BDR;BRD1ELBDR009;DELL TECHNOLOGIES INC
D1FS34;BDR;BRD1FSBDR001;Discover Financial Services
D1HI34;BDR;BRD1HIBDR008;DR HORTON INC
D1IS34;BDR;BRD1ISBDR005;DISH NETWORK CORP
D1LR34;BDR;BRD1LRBDR001;DIGITAL REALTY TRUST INC
D1OM34;BDR;BRD1OMBDR006;DOMINION ENERGY INC
D1OV34;BDR;BRD1OVBDR007;DOVER CORP
D1RE34;BDR;BRD1REBDR006;DUKE REALTY CORP
D1RI34;BDR;BRD1RIBDR007;DARDEN RESTAURANTS INC
D1TE34;BDR;BRD1TEBDR002;DTE ENERGY CO
D1VN34;BDR;BRD1VNBDR009;DEVON ENERGY CORP
D1XC34;BDR;BRD1XCBDR008;DXC TECHNOLOGY CO
DAMT11;FUNDS;BRDAMTCTF007;DIAMANTE FDO INV IMOB
DAMT11B;FUNDS;BRDAMTCTF007;DIAMANTE FDO INV IMOB
DANA11;SHARES;BRDANAACNV18;DANA INDUSTRIAL S.A.
DASA3;SHARES;BRDASAACNOR1;DIAGNOSTICOS DA AMERICA S.A.
DASS3;SHARES;BRDASSACNOR3;DASS NORDESTE CALÇADOS E ARTIGOS ESPORTIVOS SA
DBAG34;BDR;BRDBAGBDR008;DEUTSCHE BANK AKTIENGESELLSCHAFT
DCVY34;BDR;BRDCVYBDR005;DISCOVERY INC
DCVY35;BDR;BRDCVYBDR013;DISCOVERY INC
DDNB34;BDR;BRDDNBBDR008;DUPONT DE NEMOURS INC.
DEAI34;BDR;BRDEAIBDR008;DELTA AIR LINES, INC.
DEEC34;BDR;BRDEECBDR003;DEERE & CO
DEOP34;BDR;BRDEOPBDR004;DIAGEO PLC
DGCO34;BDR;BRDGCOBDR007;DOLLAR GENERAL CORP
DHER34;BDR;BRDHERBDR004;DANAHER CORPORATION
DIRR3;SHARES;BRDIRRACNOR0;DIRECIONAL ENGENHARIA S.A.
DISB34;BDR;BRDISBBDR006;THE WALT DISNEY COMPANY
DLMT11;FUNDS;BRDLMTCTF004;DEL MONTE AJAX FDO INV IMOB - FII
DLTR34;BDR;BRDLTRBDR004;DOLLAR TREE INC
DMAC11;FUNDS;BRDMACCTF003;MAC FDO INV IMOB
DMMO3;SHARES;BRDMMOACNOR0;DOMMO ENERGIA S.A.
DNEN3B;SHARES;BRDNENACNOR7;DINAMICA ENERGIA S.A.
DOHL3;SHARES;BRDOHLACNOR2;DOHLER S.A.
DOHL4;SHARES;BRDOHLACNPR9;DOHLER S.A.
DOMC11;FUNDS;BRDOMCCTF004;REAG RENDA IMOBILIARIA FDO INV IMOB - FII
DOVL11B;FUNDS;BRDOVLCTF006;DOVEL FDO INV IMOB
DRIT11B;FUNDS;BRDRITCTF009;MULTIGESTÃO RENDA COMERCIAL FDO INV IMOB - FII
DTCY3;SHARES;BRDTCYACNOR5;DTCOM - DIRECT TO COMPANY S.A.
DTCY4;SHARES;BRDTCYACNPR2;DTCOM - DIRECT TO COMPANY S.A.
DTEN3;SHARES;BRDTENACNOR4;DETEN QUIMICA S.A.
DTEN6;SHARES;BRDTENACNPB5;DETEN QUIMICA S.A.
DTEX3;SHARES;BRDTEXACNOR3;DURATEX S.A.
DUKB34;BDR;BRDUKBBDR008;DUKE ENERGY CORPORATION
DVAI34;BDR;BRDVAIBDR002;DAVITA INC
DXXI3;SHARES;BRDXXIACNOR6;DUXXI IMOBILIÁRIA S.A.
E1CL34;BDR;BRE1CLBDR002;ECOLAB INC
E1DI34;BDR;BRE1DIBDR006;Consolidated Edison Inc
E1FX34;BDR;BRE1FXBDR000;EQUIFAX INC
E1IX34;BDR;BRE1IXBDR004;EDISON INTERNATIONAL
E1MN34;BDR;BRE1MNBDR007;EASTMAN CHEMICAL CO
E1MR34;BDR;BRE1MRBDR008;Emerson Electric Co
E1OG34;BDR;BRE1OGBDR007;EOG RESOURCES INC
E1QR34;BDR;BRE1QRBDR009;EQUITY RESIDENTIAL
E1SE34;BDR;BRE1SEBDR003;EVERSOURCE ENERGY
E1SS34;BDR;BRE1SSBDR003;ESSEX PROPERTY TRUST INC
E1TF34;BDR;BRE1TFBDR008;E TRADE FINANCIAL CORP
E1TN34;BDR;BRE1TNBDR002;Eaton Corp PLC
E1TR34;BDR;BRE1TRBDR003;Entergy Corp
E1VE34;BDR;BRE1VEBDR007;EVEREST RE GROUP LTD
E1VR34;BDR;BRE1VRBDR009;EVERGY INC
E1WL34;BDR;BRE1WLBDR000;EDWARDS LIFESCIENCES CORP
E1XC34;BDR;BRE1XCBDR007;EXELON CORP
E1XP34;BDR;BRE1XPBDR009;EXPEDITORS INTERNATIONAL OF WASHINGTON INC
E1XR34;BDR;BRE1XRBDR005;EXTRA SPACE STORAGE INC
EAIN34;BDR;BREAINBDR007;ELECTRONIC ARTS INC
EALT3;SHARES;BREALTACNOR4;ELECTRO ACO ALTONA S.A.
EALT4;SHARES;BREALTACNPR1;ELECTRO ACO ALTONA S.A.
EBAY34;BDR;BREBAYBDR009;EBAY INC.
EBTL3;SHARES;BREBTLACNOR2;EMBRATEL - EMPR.BRASILEIRA DE TELEC S.A.
ECOR3;SHARES;BRECORACNOR8;ECORODOVIAS INFRAESTRUTURA E LOGÍSTICA S.A.
ECPR3;SHARES;BRECPRACNOR5;EMPRESA NAC COM REDITO PART S.A.ENCORPAR
ECPR4;SHARES;BRECPRACNPR2;EMPRESA NAC COM REDITO PART S.A.ENCORPAR
EDFO11B;FUNDS;BREDFOCTF004;FDO INV IMOB EDIFÍCIO OURINVEST
EDGA11;FUNDS;BREDGACTF001;FDO INV IMOB - FII EDIFÍCIO GALERIA
EEEL3;SHARES;BREEELACNOR8;CIA ESTADUAL GER.TRANS.ENER.ELET-CEEE-GT
EEEL4;SHARES;BREEELACNPR5;CIA ESTADUAL GER.TRANS.ENER.ELET-CEEE-GT
EGCE3;SHARES;BREGCEACNOR2;ENERGISA GERACAO CENTRAIS EOLICAS RN S.A.
EGIE3;SHARES;BREGIEACNOR9;ENGIE BRASIL ENERGIA S.A.
EKTR3;SHARES;BREKTRACNOR0;ELEKTRO REDES S.A.
EKTR4;SHARES;BREKTRACNPR7;ELEKTRO REDES S.A.
ELBR4;SHARES;BRELBRACNPR3;ELEBRA S/A ELETRONICA BRASILEIRA
ELCI34;BDR;BRELCIBDR007;ESTEE LAUDER COMPANIES INC
ELDO11B;FUNDS;BRELDOCTF002;FDO INV IMOB - FII ELDORADO
ELET3;SHARES;BRELETACNOR6;CENTRAIS ELET BRAS S.A. - ELETROBRAS
ELET5;SHARES;BRELETACNPA9;CENTRAIS ELET BRAS S.A. - ELETROBRAS
ELET6;SHARES;BRELETACNPB7;CENTRAIS ELET BRAS S.A. - ELETROBRAS
EMAE3;SHARES;BREMAEACNOR4;EMAE - EMPRESA METROP.AGUAS ENERGIA S.A.
EMAE4;SHARES;BREMAEACNPR1;EMAE - EMPRESA METROP.AGUAS ENERGIA S.A.
EMBP3;SHARES;BREMBPACNOR8;EMBRAPAR PARTICIPACOES S.A.
EMBP4;SHARES;BREMBPACNPR5;EMBRAPAR PARTICIPACOES S.A.
EMBR3;SHARES;BREMBRACNOR4;EMBRAER S.A.
ENAC3;SHARES;BRENACACNOR6;CIA ARMAZENS GERAIS ENTREPOSTOS DO ACRE
ENAT3;SHARES;BRENATACNOR0;ENAUTA PARTICIPAÇÕES S.A.
ENBR3;SHARES;BRENBRACNOR2;EDP - ENERGIAS DO BRASIL S.A.
ENEV3;SHARES;BRENEVACNOR8;ENEVA S.A
ENGI11;UNIT;BRENGICDAM16;ENERGISA S.A.
ENGI11F;UNIT;BRENGICDAM16;ENERGISA S.A.
ENGI3;SHARES;BRENGIACNOR0;ENERGISA S.A.
ENGI4;SHARES;BRENGIACNPR7;ENERGISA S.A.
ENMT3;SHARES;BRENMTACNOR5;ENERGISA MATO GROSSO-DISTRIBUIDORA DE ENERGIA S/A
ENMT4;SHARES;BRENMTACNPR2;ENERGISA MATO GROSSO-DISTRIBUIDORA DE ENERGIA S/A
EPCO19;SHARES;BREPCOA08PA1;ENCALSO PARTICIPACOES EM CONCESSOES S.A.
EPCO20;SHARES;BREPCOA09PA9;ENCALSO PARTICIPACOES EM CONCESSOES S.A.
EPCO21;SHARES;BREPCOA10PA7;ENCALSO PARTICIPACOES EM CONCESSOES S.A.
EPCO3;SHARES;BREPCOACNOR2;ENCALSO PARTICIPACOES EM CONCESSOES S.A.
EPTR4;SHARES;BREPTRACNPR6;EMPR TURISMO DE PERNAMBUCO S.A. -EMPETUR
EQIX34;BDR;BREQIXBDR002;EQUINIX INC
EQMA3B;SHARES;BREQMAACNOR8;EQUATORIAL MARANHÃO DISTRIBUIDORA DE ENERGIA S.A.
EQMA5B;SHARES;BREQMAACNPA1;EQUATORIAL MARANHÃO DISTRIBUIDORA DE ENERGIA S.A.
EQMA6B;SHARES;BREQMAACNPB9;EQUATORIAL MARANHÃO DISTRIBUIDORA DE ENERGIA S.A.
EQPA3;SHARES;BREQPAACNOR1;EQUATORIAL PARA DISTRIBUIDORA DE ENERGIA S.A.
EQPA5;SHARES;BREQPAACNPA4;EQUATORIAL PARA DISTRIBUIDORA DE ENERGIA S.A.
EQPA6;SHARES;BREQPAACNPB2;EQUATORIAL PARA DISTRIBUIDORA DE ENERGIA S.A.
EQPA7;SHARES;BREQPAACNPC0;EQUATORIAL PARA DISTRIBUIDORA DE ENERGIA S.A.
EQTL3;SHARES;BREQTLACNOR0;EQUATORIAL ENERGIA S.A.
ERPA11;FUNDS;BRERPACTF002;EUROPA 105 - FDO INV IMOB
ESSD3;SHARES;BRESSDACNOR5;ENERGISA SUL-SUDESTE DISTRIBUIDORA DE ENERGIA S.A.
ESTQ11;FUNDS;BRESTQCTF008;FDO INV IMOB POLO ESTOQUE II - FII
ESTQ12;FUNDS;BRESTQCTF016;FDO INV IMOB POLO ESTOQUE II - FII
ESTR3;SHARES;BRESTRACNOR3;MANUFATURA DE BRINQUEDOS ESTRELA S.A.
ESTR4;SHARES;BRESTRACNPR0;MANUFATURA DE BRINQUEDOS ESTRELA S.A.
ESUD11;FUNDS;BRESUDCTF004;FDO INV PART IE BB VOTORANTIM ENERG SUSTENT II
ESUD12;FUNDS;BRESUDCTF012;FDO INV PART IE BB VOTORANTIM ENERG SUSTENT II
ESUT11;FUNDS;BRESUTCTF000;FDO INV PART IE BB VOTORANTIM ENERG SUSTENT III
ESUT12;FUNDS;BRESUTCTF018;FDO INV PART IE BB VOTORANTIM ENERG SUSTENT III
ESUU11;FUNDS;BRESUUCTF008;FDO INV PART IE BB VOTORANTIM ENERG SUSTENT I
ESUU12;FUNDS;BRESUUCTF016;FDO INV PART IE BB VOTORANTIM ENERG SUSTENT I
ETER3;SHARES;BRETERACNOR3;ETERNIT S.A.
ETGO3;SHARES;BRETGOACNOR5;EMPR DE TRANSP URBANO DO EST GOIAS S.A.
ETGO4;SHARES;BRETGOACNPR2;EMPR DE TRANSP URBANO DO EST GOIAS S.A.
EUCA3;SHARES;BREUCAACNOR1;EUCATEX S.A. INDUSTRIA E COMERCIO
EUCA4;SHARES;BREUCAACNPR8;EUCATEX S.A. INDUSTRIA E COMERCIO
EURO11;FUNDS;BREUROCTF011;FDO INV IMOB EUROPAR
EVEN3;SHARES;BREVENACNOR8;EVEN CONSTRUTORA E INCORPORADORA S.A.
EXGR34;BDR;BREXGRBDR004;EXPEDIA GROUP INC
EXXO34;BDR;BREXXOBDR006;EXXON MOBIL CORPORATION
EZTB11;FUNDS;BREZTBCTF005;FDO INV IMOB EZTB - FII
EZTC3;SHARES;BREZTCACNOR0;EZ TEC EMPREEND. E PARTICIPACOES S.A.
F1AN34;BDR;BRF1ANBDR001;Diamondback Energy Inc
F1BH34;BDR;BRF1BHBDR001;Fortune Brands Home & Security Inc
F1EC34;BDR;BRF1ECBDR006;FIRSTENERGY CORP
F1FI34;BDR;BRF1FIBDR000;F5 NETWORKS INC
F1IS34;BDR;BRF1ISBDR003;FISERV INC
F1LI34;BDR;BRF1LIBDR008;FLIR SYSTEMS INC
F1LS34;BDR;BRF1LSBDR007;FLOWSERVE CORP
F1MC34;BDR;BRF1MCBDR009;FMC CORP
F1NI34;BDR;BRF1NIBDR004;FIDELITY NATIONAL INFORMATION SERVICES INC
F1RA34;BDR;BRF1RABDR002;FRANKLIN RESOURCES INC
F1RC34;BDR;BRF1RCBDR008;FIRST REPUBLIC BANK
F1RI34;BDR;BRF1RIBDR005;FEDERAL REALTY INVESTMENT TRUST
F1TN34;BDR;BRF1TNBDR001;Fortinet Inc
F1TV34;BDR;BRF1TVBDR004;Fortive Corp
FAED11;FUNDS;BRFAEDCTF003;FDO INV IMOB - FII ANHANGUERA EDUCACIONAL
FAEL6;SHARES;BRFAELACNPB4;FAE -FERRAGENS E APARELHOS ELETRICOS S.A
FAEL7;SHARES;BRFAELACNPC2;FAE -FERRAGENS E APARELHOS ELETRICOS S.A
FAMB11B;FUNDS;BRFAMBCTF018;FDO INV IMOB - FII EDIFÍCIO ALMIRANTE BARROSO
FASL34;BDR;BRFASLBDR007;FASTENAL CO
FATN11;FUNDS;BRFATNCTF000;FUNDO DE INVESTIMENTO IMOBILIÁRIO ATHENA I
FAVM11;FUNDS;BRFAVMCTF008;FDO INV. IMOB. - AVM FII
FBOK34;BDR;BRFBOKBDR006;FACEBOOK, INC.
FBTS11;FUNDS;BRFBTSCTF007;FDO INV IMOB VOTORANTIM BII BTS
FCCQ11;FUNDS;BRFCCQCTF005;CONQUEST FIP EMPRESAS EMERGENTES
FCFL11;FUNDS;BRFCFLCTF009;FDO INV IMOB - FII CAMPUS FARIA LIMA
FCXO34;BDR;BRFCXOBDR007;FREEPORT-MCMORAN INC.
FDES11;FUNDS;BRFDESCTF005;FDO DE DESENVOLVIMENTO DO ESPÍRITO SANTO - FUNDES
FDMO34;BDR;BRFDMOBDR008;FORD MOTORS COMPANY
FDXB34;BDR;BRFDXBBDR002;FEDEX CORPORATION
FESA3;SHARES;BRFESAACNOR8;CIA FERRO LIGAS DA BAHIA - FERBASA
FESA4;SHARES;BRFESAACNPR5;CIA FERRO LIGAS DA BAHIA - FERBASA
FEXC11;FUNDS;BRFEXCCTF007;FDO INV IMOB - FII BTG PACTUAL FUNDO DE CRI
FFTD34;BDR;BRFFTDBDR001;FIFTH THIRD BANCORP
FGRT5;SHARES;BRFGRTACNPA8;FRIGORIFICO REDENTOR S.A.
FHER3;SHARES;BRFHERACNOR5;FERTILIZANTES HERINGER S.A.
FIGE3;SHARES;BRFIGEACNOR6;INVESTIMENTOS BEMGE S.A.
FIGE4;SHARES;BRFIGEACNPR3;INVESTIMENTOS BEMGE S.A.
FIGS11;FUNDS;BRFIGSCTF009;FDO INV IMOB GENERAL SHOPPING ATIVO E RENDA - FII
FIGV11;FUNDS;BRFIGVCTF003;FDO INV. IMOB. GV BLUE CHIP
FIIB11;FUNDS;BRFIIBCTF001;FDO INV IMOB INDUSTRIAL DO BRASIL
FIIP11B;FUNDS;BRFIIPCTF001;RB CAPITAL RENDA I FDO INV IMOB - FII
FINF11;FUNDS;BRFINFCTF002;FDO INV IMOB INFRA REAL ESTATE - FII
FISC11;FUNDS;BRFISCCTF008;FDO INV IMOB SC 401
FISD11;FUNDS;BRFISDCTF006;SAO DOMINGOS FDO INV IMOB - FII
FIVN11;FUNDS;BRFIVNCTF009;FDO INV IMOB VIDA NOVA - FII
FKEN11B;FUNDS;BRFKENCTF001;FDO INV IMOB KENNEDY SQUARE - FII
FLCR11;FUNDS;BRFLCRCTF004;FARIA LIMA CAPITAL RECEB. IMOB. I - FDO INV. IMOB.
FLCT11;FUNDS;BRFLCTCTF018;02 FILMES CURTOS LTDA.
FLEX3;SHARES;BRFLEXACNOR5;FLEX GESTÃO DE RELACIONAMENTOS S.A.
FLMA11;FUNDS;BRFLMACTF009;FDO INV IMOB CONTINENTAL SQUARE FARIA LIMA
FLRP11;FUNDS;BRFLRPCTF006;FDO INV IMOB - FII FLORIPA SHOPPING
FLRY3;SHARES;BRFLRYACNOR5;FLEURY S.A.
FLTC34;BDR;BRFLTCBDR001;FLEETCOR TECHNOLOGIES INC
FMOB11;FUNDS;BRFMOBCTF019;IMMOB III - GALPOES E LAJES CORP. FDO INV. IMOB.
FMOB12;FUNDS;BRFMOBCTF027;IMMOB III - GALPOES E LAJES CORP. FDO INV. IMOB.
FMOF11;FUNDS;BRFMOFCTF010;FDO INV IMOB MEMORIAL OFFICE
FMSC34;BDR;BRFMSCBDR001;FRESENIUS MEDICAL CARE AG & CO KGAA
FMXB34;BDR;BRFMXBBDR003;FOMENTO ECONOMICO MEXICANO SAB DE CV - FEMSA
FNAM11;FUNDS;BRFNAMCTF013;FDO INV DA AMAZONIA
FNCN3;SHARES;BRFNCNACNOR6;FINANSINOS S.A.- CREDITO FINANC E INVEST
FNOR11;FUNDS;BRFNORCTF013;FDO INV DO NORDESTE
FNUV3;SHARES;BRFNUVACNOR1;FENAUVA-FEIRA NAC DA UVA TUR E EMPR S.A.
FOXC34;BDR;BRFOXCBDR007;FOX CORPORATION
FPAB11;FUNDS;BRFPABCTF011;FDO INV IMOB PROJETO ÁGUA BRANCA
FPNG11;FUNDS;BRFPNGCTF005;FDO INV IMOB PEDRA NEGRA RENDA IMOB
FPOR11;FUNDS;BRFPORCTF000;PORTO SUDESTE ROYALTIES - FIP-IE
FPOR12;FUNDS;BRFPORCTF018;PORTO SUDESTE ROYALTIES - FIP-IE
FRAS3;SHARES;BRFRASACNOR0;FRAS-LE S.A.
FRIO3;SHARES;BRFRIOACNOR2;METALFRIO SOLUTIONS S.A.
FRNV3;SHARES;BRFRNVACNOR7;CIA DE NAVEG DO SAO FRANCISCO - FRANAVE
FRRN3B;SHARES;BRFRRNACNOR5;RUMO MALHA NORTE S.A.
FRRN5B;SHARES;BRFRRNACNPA8;RUMO MALHA NORTE S.A.
FRRN6B;SHARES;BRFRRNACNPB6;RUMO MALHA NORTE S.A.
FRTA3;SHARES;BRFRTAACNOR8;POMIFRUTAS S/A
FSLR34;BDR;BRFSLRBDR001;FIRST SOLAR, INC
FSPE11;FUNDS;BRFSPECTF017;FDO INV SETORIAL PESCA
FSRF11;FUNDS;BRFSRFCTF010;FDO INV SETORIAL FL E REF
FSTU11;FUNDS;BRFSTUCTF015;FDO INV SETORIAL TURISMO
FTCE11B;FUNDS;BRFTCECTF005;OPPORTUNITY FDO INV IMOB
FTRO3;SHARES;BRFTROACNOR9;FRUTOS TROPICAIS S/A
FVBI11;FUNDS;BRFVBICTF004;FDO INV IMOB VBI FL 4440 - FII
FVPQ11;FUNDS;BRFVPQCTF015;FDO INV IMOB VIA PARQUE SHOPPING - FII
G1AR34;BDR;BRG1ARBDR001;GARTNER INC
G1LL34;BDR;BRG1LLBDR001;GLOBE LIFE INC
G1LW34;BDR;BRG1LWBDR008;CORNING INC
G1MI34;BDR;BRG1MIBDR005;General Mills Inc
G1PC34;BDR;BRG1PCBDR001;GENUINE PARTS CO
G1PI34;BDR;BRG1PIBDR008;Global Payments Inc
G1RM34;BDR;BRG1RMBDR006;GARMIN LTD
G1WW34;BDR;BRG1WWBDR005;WW GRAINGER INC
GBIO33;BDR;BRGBIOBDR008;BIOTOSCANA INVESTMENTS S.A.
GCFF11;FUNDS;BRGCFFCTF009;GALAPAGOS FDO DE FDO - FII FDO INV. IMOB.
GDBR34;BDR;BRGDBRBDR002;GENERAL DYNAMICS CORP.
GEOO34;BDR;BRGEOOBDR000;GENERAL ELECTRIC COMPANY
GEPA3;SHARES;BRGEPAACNOR2;RIO PARANAPANEMA ENERGIA S.A.
GEPA4;SHARES;BRGEPAACNPR9;RIO PARANAPANEMA ENERGIA S.A.
GESE11B;FUNDS;BRGESECTF001;FDO INV IMOB GENERAL SEVERIANO - FII
GFSA3;SHARES;BRGFSAACNOR3;GAFISA S.A.
GGBR3;SHARES;BRGGBRACNOR1;GERDAU S.A.
GGBR4;SHARES;BRGGBRACNPR8;GERDAU S.A.
GGRC11;FUNDS;BRGGRCCTF002;GGR COVEPI RENDA FDO INV IMOB
GGRF11;FUNDS;BRGGRFCTF005;GGR ESTRATEGIA FDO INV IMOB - FII
GILD34;BDR;BRGILDBDR000;GILEAD SCIENCES, INC.
GLAZ11;FUNDS;BRGLAZCTF017;GLAZ CINEMA E VIDEO LTDA. - ME
GMCO34;BDR;BRGMCOBDR008;GENERAL MOTORS COMPANY
GNDI3;SHARES;BRGNDIACNOR2;NOTRE DAME INTERMEDICA PARTICIPACOES SA
GNTV11;FUNDS;BRGNTVCTF012;GRUPO NOVO DE CINEMA E TV LTDA.
GOAU3;SHARES;BRGOAUACNOR1;METALURGICA GERDAU S.A.
GOAU4;SHARES;BRGOAUACNPR8;METALURGICA GERDAU S.A.
GOGL34;BDR;BRGOGLBDR001;ALPHABET INC.
GOGL35;BDR;BRGOGLBDR019;ALPHABET INC.
GOLL4;SHARES;BRGOLLACNPR4;GOL LINHAS AEREAS INTELIGENTES S.A.
GPAR3;SHARES;BRGPARACNOR4;CIA CELG DE PARTICIPACOES - CELGPAR
GPCP3;SHARES;BRGPCPACNOR4;GPC PARTICIPACOES S.A.
GPCP4;SHARES;BRGPCPACNPR1;GPC PARTICIPACOES S.A.
GPIV33;BDR;BRGPIVBDR003;GP INVESTMENTS, LTD.
GPLA5;SHARES;BRGPLAACNPA0;GEPLAN HOTEIS S.A.
GPRK34;BDR;BRGPRKBDR007;GEOPARK LTD
GPRO34;BDR;BRGPROBDR009;GOPRO, INC.
GPSI34;BDR;BRGPSIBDR009;THE GAP, INC.
GRLV11;FUNDS;BRGRLVCTF002;CSHG GR LOUVEIRA FDO DE INV IMOB - FII
GRND3;SHARES;BRGRNDACNOR3;GRENDENE S.A.
GRRO11;FUNDS;BRGRROCTF004;GREEN ROCK - FDO INV IMOB
GSFI11;FUNDS;BRGSFICTF009;GENERAL SHOP E OUTLETS DO BRASIL FDO INV IMOB - FI
GSGI34;BDR;BRGSGIBDR008;GOLDMAN SACHS GROUP INC.
GSHP3;SHARES;BRGSHPACNOR7;GENERAL SHOPPING E OUTLETS DO BRASIL S.A.
GTIS11;FUNDS;BRGTISCTF000;GTIS ENERGIA FDO. INVEST EM PART. INFRAESTRUTURA
GTPC11;FUNDS;BRGTPCCTF017;G. T. PRODUCOES CINEMATOGRAFICAS LTDA.
GTWR11;FUNDS;BRGTWRCTF003;FDO INV IMOB GREEN TOWERS
GUAR3;SHARES;BRGUARACNOR4;GUARARAPES CONFECCOES S.A.
H1AS34;BDR;BRH1ASBDR008;Hasbro Inc
H1BA34;BDR;BRH1BABDR004;HUNTINGTON BANCSHARES INC
H1BI34;BDR;BRH1BIBDR007;Hanesbrands Inc
H1CA34;BDR;BRH1CABDR002;HCA HEALTHCARE INC
H1ES34;BDR;BRH1ESBDR000;Hess Corp
H1FC34;BDR;BRH1FCBDR001;HollyFrontier Corp
H1IG34;BDR;BRH1IGBDR006;HARTFORD FINANCIAL SERVICES GROUP INC
H1II34;BDR;BRH1IIBDR002;HUNTINGTON INGALLS INDUSTRIES INC
H1LT34;BDR;BRH1LTBDR003;HILTON WORLDWIDE HOLDINGS INC
H1OG34;BDR;BRH1OGBDR004;HARLEY-DAVIDSON INC
H1OL34;BDR;BRH1OLBDR004;HOLOGIC INC
H1PE34;BDR;BRH1PEBDR006;HEWLETT PACKARD ENTERPRISE CO
H1RB34;BDR;BRH1RBBDR008;H&R BLOCK INC
H1RL34;BDR;BRH1RLBDR007;HORMEL FOODS CORP
H1SI34;BDR;BRH1SIBDR001;HENRY SCHEIN INC
H1ST34;BDR;BRH1STBDR008;HOST HOTELS & RESORTS INC
H1UM34;BDR;BRH1UMBDR009;HUMANA INC
HAAA11;FUNDS;BRHAAACTF003;HEDGE AAA FDO. INV. IMOB.
HABT11;FUNDS;BRHABTCTF001;HABITAT II - FDO INV IMOB
HAGA3;SHARES;BRHAGAACNOR7;HAGA S.A. INDUSTRIA E COMERCIO
HAGA4;SHARES;BRHAGAACNPR4;HAGA S.A. INDUSTRIA E COMERCIO
HALI34;BDR;BRHALIBDR004;HALLIBURTON COMPANY
HAPV3;SHARES;BRHAPVACNOR4;HAPVIDA PARTICIPACOES E INVESTIMENTOS SA
HBOR3;SHARES;BRHBORACNOR3;HELBOR EMPREENDIMENTOS S.A.
HBRH11;FUNDS;BRHBRHCTF000;FDO.INVEST. IMOB. MULTI RENDA URBANA
HBSA3;SHARES;BRHBSAACNOR0;HIDROVIAS DO BRASIL S.A.
HBTS3;SHARES;BRHBTSACNOR0;CIA HABITASUL DE PARTICIPACOES
HBTS5;SHARES;BRHBTSACNPA3;CIA HABITASUL DE PARTICIPACOES
HBTS6;SHARES;BRHBTSACNPB1;CIA HABITASUL DE PARTICIPACOES
HBTT11;FUNDS;BRHBTTCTF001;FDO INV IMOB HABITAT I
HCRI11;FUNDS;BRHCRICTF006;FDO INV IMOB - FII HOSPITAL DA CRIANÇA
HCTR11;FUNDS;BRHCTRCTF003;HECTARE CE - FDO INV IMOB
HERM11;FUNDS;BRHERMCTF004;FDO INV IMOB HERMES
HETA3;SHARES;BRHETAACNOR2;HERCULES S.A. FABRICA DE TALHERES
HETA4;SHARES;BRHETAACNPR9;HERCULES S.A. FABRICA DE TALHERES
HFOF11;FUNDS;BRHFOFCTF002;HEDGE TOP FOFII 3 FDO INV IMOB
HGBS11;FUNDS;BRHGBSCTF000;HEDGE BRASIL SHOPPING FDO INV IMOB
HGCR11;FUNDS;BRHGCRCTF000;CSHG RECEBÍVEIS IMOBILIÁRIOS FDO INV IMOB - FII
HGFF11;FUNDS;BRHGFFCTF008;CSHG IMOB. FOF - FDO INV. IMOB. - FII
HGLG11;FUNDS;BRHGLGCTF004;CSHG LOGÍSTICA FDO INV IMOB - FII
HGPO11;FUNDS;BRHGPOCTF009;CSHG PRIME OFFICES FDO INV IMOB - FII
HGRE11;FUNDS;BRHGRECTF006;CSHG REAL ESTATE FDO INV IMOB - FII
HGRU11;FUNDS;BRHGRUCTF002;CSHG RENDA URBANA - FDO INV IMOB - FII
HGTX3;SHARES;BRHGTXACNOR9;CIA HERING
HLJP3;SHARES;BRHLJPACNOR6;HOTEL LAJE DE PEDRA S.A.
HLOG11;FUNDS;BRHLOGCTF008;HEDGE LOGÍSTICA FDO. INV. IMOB.
HMOC11;FUNDS;BRHMOCCTF005;HEDGE SHOPPING PRAÇA DA MOÇA FDO INV IMOB
HOAM5;SHARES;BRHOAMACNPA9;CIA TROPICAL DE HOTEIS DA AMAZONIA
HOAM6;SHARES;BRHOAMACNPB7;CIA TROPICAL DE HOTEIS DA AMAZONIA
HOME34;BDR;BRHOMEBDR002;THE HOME DEPOT, INC.
HONB34;BDR;BRHONBBDR006;HONEYWELL INTERNATIONAL INC.
HOND34;BDR;BRHONDBDR002;HONDA MOTOR CO LTD
HOOT3;SHARES;BRHOOTACNOR2;HOTEIS OTHON S.A.
HOOT4;SHARES;BRHOOTACNPR9;HOTEIS OTHON S.A.
HOSI11;FUNDS;BRHOSICTF009;FDO. INV. IMOB. HOUSI
HPDP11;FUNDS;BRHPDPCTF003;HEDGE SHOPPING PARQUE DOM PEDRO FDO. DE INV. IMOB.
HPQB34;BDR;BRHPQBBDR006;HEWLETT-PACKARD COMPANY
HRDF11;FUNDS;BRHRDFCTF000;HEDGE REALTY DEVELOPMENT FDO INV IMOB
HREC11;FUNDS;BRHRECCTF005;HEDGE RECEBÍVEIS FDO. INVEST. IMOB.
HSHY34;BDR;BRHSHYBDR001;THE HERSHEY COMPANY
HSML11;FUNDS;BRHSMLCTF007;HSI MALL FDO INV IMOB
HTMX11;FUNDS;BRHTMXCTF000;FDO INV IMOB - FII HOTEL MAXINVEST
HUSC11;FUNDS;BRHUSCCTF009;FDO INV IMOB HOSPITAL UNIMED SUL CAPIXABA
HUSI11;FUNDS;BRHUSICTF006;HUSI FDO INV. IMOB.
HYPE3;SHARES;BRHYPEACNOR0;HYPERA S.A.
I1CE34;BDR;BRI1CEBDR003;INTERCONTINENTAL EXCHANGE INC
I1DX34;BDR;BRI1DXBDR001;IDEXX LABORATORIES INC
I1FF34;BDR;BRI1FFBDR003;INTERNATIONAL FLAVORS & FRAGRANCES INC
I1LM34;BDR;BRI1LMBDR007;ILLUMINA INC
I1NC34;BDR;BRI1NCBDR004;INCYTE CORP
I1NF34;BDR;BRI1NFBDR007;IHS MARKIT LTD
I1PC34;BDR;BRI1PCBDR009;INTERNATIONAL PAPER CO
I1PG34;BDR;BRI1PGBDR000;IPG PHOTONICS CORP
I1PH34;BDR;BRI1PHBDR008;INTERPUBLIC GROUP OF COS INC
I1QV34;BDR;BRI1QVBDR007;IQVIA HOLDINGS INC
I1RM34;BDR;BRI1RMBDR004;IRON MOUNTAIN INC
I1RP34;BDR;BRI1RPBDR007;TRANE TECHNOLOGIES PLC
I1SR34;BDR;BRI1SRBDR001;INTUITIVE SURGICAL INC
I1TW34;BDR;BRI1TWBDR009;ILLINOIS TOOL WORKS INC
I1VZ34;BDR;BRI1VZBDR008;INVESCO LTD
IBFF11;FUNDS;BRIBFFCTF007;FDO INV. IMOB. FOF INTEGRAL BREI
IBMB34;BDR;BRIBMBBDR003;INTERNATIONAL BUSINESS MACHINES CORPORATION
IDNT3;SHARES;BRIDNTACNOR5;IDEIASNET S.A.
IDVL3;SHARES;BRIDVLACNOR5;BCO INDUSVAL S.A.
IDVL4;SHARES;BRIDVLACNPR2;BCO INDUSVAL S.A.
IGBR3;SHARES;BRIGBRACNOR7;IGB ELETRÔNICA S/A
IGSN3;SHARES;BRIGSNACNOR0;IGUA SANEAMENTO S.A.
IGTA3;SHARES;BRIGTAACNOR5;IGUATEMI EMPRESA DE SHOPPING CENTERS S.A
IMIV11;FUNDS;BRIMIVCTF005;IMMOB IV - BRAGANÇA FDO. INV. IMOB.
IMIV13;FUNDS;BRIMIVCTF013;IMMOB IV - BRAGANÇA FDO. INV. IMOB.
IMMO11;FUNDS;BRIMMOCTF002;IMMOB II FDO INV IMOB - FII
IMMO13;FUNDS;BRIMMOCTF010;IMMOB II FDO INV IMOB - FII
INEP3;SHARES;BRINEPACNOR1;INEPAR S.A. INDUSTRIA E CONSTRUCOES
INEP4;SHARES;BRINEPACNPR8;INEPAR S.A. INDUSTRIA E CONSTRUCOES
INGG34;BDR;BRINGGBDR009;ING GROEP NV
INNT3;SHARES;BRINNTACNOR4;INTER CONSTRUTORA E INCORPORADORA S.A.
INTI11;FUNDS;BRINTICTF007;FDO INV IMOB INTERMEDIUM - FII
INTU34;BDR;BRINTUBDR003;INTUIT INC
IRBL11;FUNDS;BRIRBLCTF000;IRB INTERNACIONAL FDO INV IMOB -FII
IRBR3;SHARES;BRIRBRACNOR4;IRB - BRASIL RESSEGUROS S.A.
IRDM11;FUNDS;BRIRDMCTF004;FII IRIDIUM RECEBÍVEIS IMOBILIÁRIOS
ISBC34;BDR;BRISBCBDR008;INVESTORS BANCORP INC
ISSH11;FUNDS;BRISSHCTF000;INTERNACIONAL SHOPPING FDO INV IMOB
ITLC34;BDR;BRITLCBDR005;INTEL CORPORATION
ITSA3;SHARES;BRITSAACNOR0;ITAUSA S.A.
ITSA4;SHARES;BRITSAACNPR7;ITAUSA S.A.
ITUB3;SHARES;BRITUBACNOR4;ITAU UNIBANCO HOLDING S.A.
ITUB4;SHARES;BRITUBACNPR1;ITAU UNIBANCO HOLDING S.A.
IVLG3B;SHARES;BRIVLGACNOR8;INVITEL LEGACY S.A.
IVPR3B;SHARES;BRIVPRACNOR6;INVESTIMENTOS E PARTICIP. EM INFRA S.A. - INVEPAR
IVPR4B;SHARES;BRIVPRACNPR3;INVESTIMENTOS E PARTICIP. EM INFRA S.A. - INVEPAR
J1BH34;BDR;BRJ1BHBDR007;JB HUNT TRANSPORT SERVICES INC
J1CI34;BDR;BRJ1CIBDR003;JOHNSON CONTROLS INTERNATIONAL PLC
J1EF34;BDR;BRJ1EFBDR005;JEFFERIES FINANCIAL GROUP INC
J1EG34;BDR;BRJ1EGBDR003;JACOBS ENGINEERING GROUP INC
J1KH34;BDR;BRJ1KHBDR008;JACK HENRY & ASSOCIATES INC
J1NP34;BDR;BRJ1NPBDR005;JUNIPER NETWORKS INC
J1WN34;BDR;BRJ1WNBDR001;NORDSTROM INC
JBDU3;SHARES;BRJBDUACNOR6;INDUSTRIAS J B DUARTE S.A.
JBDU4;SHARES;BRJBDUACNPR3;INDUSTRIAS J B DUARTE S.A.
JBSS3;SHARES;BRJBSSACNOR8;JBS S.A.
JCBA6;SHARES;BRJCBAACNPB1;J C BARRETTO FERTILIZANTES S.A.
JDCO34;BDR;BRJDCOBDR001;JD.COM INC
JFEN3;SHARES;BRJFENACNOR0;JOAO FORTES ENGENHARIA S.A.
JHSF3;SHARES;BRJHSFACNOR2;JHSF PARTICIPACOES S.A.
JKDF11;FUNDS;BRJKDFCTF001;FDO INV IMOB JK D - FII
JKEF11;FUNDS;BRJKEFCTF009;FDO INV IMOB JK E - FII
JNJB34;BDR;BRJNJBBDR002;JOHNSON & JOHNSON
JOPA3;SHARES;BRJOPAACNOR5;JOSAPAR-JOAQUIM OLIVEIRA S.A. - PARTICIP
JOPA4;SHARES;BRJOPAACNPR2;JOSAPAR-JOAQUIM OLIVEIRA S.A. - PARTICIP
JPMC34;BDR;BRJPMCBDR009;JPMORGAN CHASE & CO.
JPPA11;FUNDS;BRJPPACTF005;JPP ALLOCATION MOGNO - FDO INV IMOB
JPPC11;FUNDS;BRJPPCCTF001;JPP CAPITAL FDO INV IMOB - FII
JPPV11;FUNDS;BRJPPVCTF001;JPP CAPITAL VALUE FDO INV IMOB
JPSA3;SHARES;BRJPSAACNOR6;JEREISSATI PARTICIPACOES S.A.
JRDM11;FUNDS;BRJRDMCTF002;FDO INV IMOB - FII SHOPPING JARDIM SUL
JSLG3;SHARES;BRJSLGACNOR2;JSL S.A.
JSRE11;FUNDS;BRJSRECTF007;JS REAL ESTATE MULTIGESTÃO - FII
JTPR11;FUNDS;BRJTPRCTF001;JT PREV FDO INV IMOB DESENVOLVIMENTO HABITACIONAL
K1CS34;BDR;BRK1CSBDR009;KANSAS CITY SOUTHERN
K1EL34;BDR;BRK1ELBDR000;KELLOGG CO
K1EY34;BDR;BRK1EYBDR003;KEYCORP
K1IM34;BDR;BRK1IMBDR009;KIMCO REALTY CORP
K1LA34;BDR;BRK1LABDR008;KLA CORP
K1MX34;BDR;BRK1MXBDR008;CARMAX INC
K1RC34;BDR;BRK1RCBDR001;KROGER CO
K1SG34;BDR;BRK1SGBDR000;KEYSIGHT TECHNOLOGIES INC
K1SS34;BDR;BRK1SSBDR005;KOHLS CORP
KALS5;SHARES;BRKALSACNPA6;KA 2 LAUNDRY SERVICES S.A.
KEPL3;SHARES;BRKEPLACNOR1;KEPLER WEBER S.A.
KFOF11;FUNDS;BRKFOFCTF006;FUNDO DE FDO INV IMOB KINEA FII
KHCB34;BDR;BRKHCBBDR007;THE KRAFT HEINZ COMPANY
KINP11;FUNDS;BRKINPCTF001;EVEN PERMUTA KINEA FII - FDO INV IMOB
KLBN11;UNIT;BRKLBNCDAM18;KLABIN S.A.
KLBN11F;UNIT;BRKLBNCDAM18;KLABIN S.A.
KLBN3;SHARES;BRKLBNACNOR2;KLABIN S.A.
KLBN4;SHARES;BRKLBNACNPR9;KLABIN S.A.
KMBB34;BDR;BRKMBBBDR009;KIMBERLY-CLARK CORP
KMIC34;BDR;BRKMICBDR002;KINDER MORGAN INC
KMPR34;BDR;BRKMPRBDR005;KEMPER CORP
KNCR11;FUNDS;BRKNCRCTF000;KINEA RENDIMENTOS IMOBILIÁRIOS FDO INV IMOB - FII
KNFF11;FUNDS;BRKNFFCTF008;KINEA REAL ESTATE FUNDS FDO INV IMOB - FII
KNHY11;FUNDS;BRKNHYCTF005;KINEA HIGH YIELD CRI FDO INV IMOB - FII
KNIP11;FUNDS;BRKNIPCTF001;KINEA ÍNDICES DE PREÇOS FDO INV IMOB - FII
KNRE11;FUNDS;BRKNRECTF006;KINEA II REAL ESTATE EQUITY FDO INV IMOB
KNRI11;FUNDS;BRKNRICTF007;KINEA RENDA IMOBILIÁRIA FDO INV IMOB - FII
L1BT34;BDR;BRL1BTBDR016;LIBERTY GLOBAL PLC
L1CA34;BDR;BRL1CABDR006;LABORATORY CORP OF AMERICA HOLDINGS
L1EG34;BDR;BRL1EGBDR009;LEGGETT  PLATT INC
L1EN34;BDR;BRL1ENBDR005;LENNAR CORP
L1HX34;BDR;BRL1HXBDR007;L3HARRIS TECHNOLOGIES INC
L1IN34;BDR;BRL1INBDR006;LINDE PLC
L1KQ34;BDR;BRL1KQBDR005;LKQ CORP
L1NC34;BDR;BRL1NCBDR009;LINCOLN NATIONAL CORP
L1OE34;BDR;BRL1OEBDR003;LOEWS CORP
L1RC34;BDR;BRL1RCBDR000;LAM RESEARCH CORP
L1UL34;BDR;BRL1ULBDR005;LULULEMON ATHLETICA INC
L1WH34;BDR;BRL1WHBDR009;LAMB WESTON HOLDINGS INC
L1YB34;BDR;BRL1YBBDR008;LyondellBasell Industries NV
LAME3;SHARES;BRLAMEACNOR9;LOJAS AMERICANAS S.A.
LAME4;SHARES;BRLAMEACNPR6;LOJAS AMERICANAS S.A.
LASC11;FUNDS;BRLASCCTF003;LEGATUS SHOPPINGS FDO. INV. IMOB. - FII
LATR11B;FUNDS;BRLATRCTF009;LATERES FDO INV IMOB - FII
LAUP11;FUNDS;BRLAUPCTF019;LAUPER FILMS LTDA.
LBRD34;BDR;BRLBRDBDR002;LIBERTY BROADBAND CORP
LBRN34;BDR;BRLBRNBDR001;L BRANDS, INC.
LCAM3;SHARES;BRLCAMACNOR3;CIA LOCAÇÃO DAS AMÉRICAS
LCII11;FUNDS;BRLCIICTF007;LCI PREMIUM II FDO INV IMOB - FII
LEVE3;SHARES;BRLEVEACNOR2;MAHLE-METAL LEVE S.A.
LGCP11;FUNDS;BRLGCPCTF006;LOGCP INTER FDO INV IMOB
LIGT3;SHARES;BRLIGTACNOR2;LIGHT S.A.
LILY34;BDR;BRLILYBDR006;ELI LILLY AND COMPANY
LINX3;SHARES;BRLINXACNOR0;LINX S.A.
LIPR3;SHARES;BRLIPRACNOR7;ELETROBRÁS PARTICIPAÇÕES S.A. - ELETROPAR
LLIS3;SHARES;BRLLISACNOR4;RESTOQUE COMÉRCIO E CONFECÇÕES DE ROUPAS S.A.
LMED3;SHARES;BRLMEDACNOR3;LIFEMED INDUSTRIAL EQUIP. DE ART. MÉD. HOSP. S.A.
LMTB34;BDR;BRLMTBBDR009;LOCKHEED MARTIN CORPORATION
LOFT11B;FUNDS;BRLOFTCTF005;LOFT I - FDO INV IMOB
LOFT12B;FUNDS;BRLOFTCTF013;LOFT I - FDO INV IMOB
LOFT13B;FUNDS;BRLOFTCTF021;LOFT I - FDO INV IMOB
LOGG3;SHARES;BRLOGGACNOR7;LOG COMMERCIAL PROPERTIES
LOGN3;SHARES;BRLOGNACNOR3;LOG-IN LOGISTICA INTERMODAL S.A.
LOGS3;SHARES;BRLOGSACNOR2;LOGASA INDUSTRIA E COMERCIO S.A.
LOGS4;SHARES;BRLOGSACNPR9;LOGASA INDUSTRIA E COMERCIO S.A.
LOWC34;BDR;BRLOWCBDR007;LOWES COMPANIES INC
LPSB3;SHARES;BRLPSBACNOR0;LPS BRASIL - CONSULTORIA DE IMOVEIS S.A.
LREN3;SHARES;BRLRENACNOR1;LOJAS RENNER S.A.
LSXM34;BDR;BRLSXMBDR005;LIBERTY MEDIA CORP
LTEL3B;SHARES;BRLTELACNOR1;LITEL PARTICIPACOES S.A.
LTLA3B;SHARES;BRLTLAACNOR9;LITELA PARTICIPAÇÕES S.A.
LUGG11;FUNDS;BRLUGGCTF007;LUGGO FDO. INV. IMOB.
LUPA3;SHARES;BRLUPAACNOR8;LUPATECH S.A.
LUXM3;SHARES;BRLUXMACNOR7;TREVISA INVESTIMENTOS S.A.
LUXM4;SHARES;BRLUXMACNPR4;TREVISA INVESTIMENTOS S.A.
LVBI11;FUNDS;BRLVBICTF002;FDO INV IMOB - VBI LOGÍSTICO
LWSA3;SHARES;BRLWSAACNOR8;LOCAWEB SERVIÇOS DE INTERNET S.A.
M1AA34;BDR;BRM1AABDR009;MID-AMERICA APARTMENT COMMUNITIES INC
M1AS34;BDR;BRM1ASBDR001;MASCO CORP
M1CB34;BDR;BRM1CBBDR003;MOLSON COORS BREWING CO
M1CH34;BDR;BRM1CHBDR000;MICROCHIP TECHNOLOGY INC
M1CK34;BDR;BRM1CKBDR004;MCKESSON CORP
M1GM34;BDR;BRM1GMBDR019;MGM RESORTS INTERNATIONAL
M1HK34;BDR;BRM1HKBDR003;MOHAWK INDUSTRIES INC
M1KC34;BDR;BRM1KCBDR004;MCCORMICK & CO INC
M1LM34;BDR;BRM1LMBDR001;MARTIN MARIETTA MATERIALS INC
M1MC34;BDR;BRM1MCBDR000;Marsh & McLennan Cos Inc
M1NS34;BDR;BRM1NSBDR004;Monster Beverage Corp
M1PC34;BDR;BRM1PCBDR003;MARATHON PETROLEUM CORP
M1RO34;BDR;BRM1ROBDR004;MARATHON OIL CORP
M1SC34;BDR;BRM1SCBDR007;MSCI INC
M1SI34;BDR;BRM1SIBDR004;MOTOROLA SOLUTIONS INC
M1TB34;BDR;BRM1TBBDR007;M&T BANK CORP
M1TD34;BDR;BRM1TDBDR003;METTLER-TOLEDO INTERNATIONAL INC
M1TT34;BDR;BRM1TTBDR009;MARRIOTT INTERNATIONAL INC
M1XI34;BDR;BRM1XIBDR004;MAXIM INTEGRATED PRODUCTS INC
MACY34;BDR;BRMACYBDR000;MACYS INC.
MALL11;FUNDS;BRMALLCTF007;MALLS BRASIL PLURAL FDO INV IMOB
MAPT3;SHARES;BRMAPTACNOR8;CEMEPE INVESTIMENTOS S.A.
MAPT4;SHARES;BRMAPTACNPR5;CEMEPE INVESTIMENTOS S.A.
MAQN3;SHARES;BRMAQNACNOR9;MAQUINA DE VENDAS BRASIL PARTICIPAÇÕES S.A.
MAQN4;SHARES;BRMAQNACNPR6;MAQUINA DE VENDAS BRASIL PARTICIPAÇÕES S.A.
MAXR11;FUNDS;BRMAXRCTF009;FDO INV IMOB - FII MAX RETAIL
MBBI11;FUNDS;BRMBBICTF002;MB BI FDO INV IMOB
MBRF11;FUNDS;BRMBRFCTF004;FDO INV IMOB MERCANTIL DO BRASIL - FII
MCCI11;FUNDS;BRMCCICTF008;FDO INV. MAUA CAPITAL RECEBIVEIS IMOB. - FII
MCDC34;BDR;BRMCDCBDR000;MCDONALDS CORP.
MCOR34;BDR;BRMCORBDR005;MOODYS CORP
MCRJ11B;SHARES;BRMCRJCPA003;MUNICÍPIO DO RIO DE JANEIRO
MDIA3;SHARES;BRMDIAACNOR7;M.DIAS BRANCO S.A. IND COM DE ALIMENTOS
MDIN3;SHARES;BRMDINACNOR0;MUNDIAL INC
MDLZ34;BDR;BRMDLZBDR002;MONDELEZ INTERNATIONAL, INC
MDNE3;SHARES;BRMDNEACNOR9;MOURA DUBEUX ENGENHARIA S/A
MDSI3;SHARES;BRMDSIACNOR9;MUNDIAL ASIA HONG KONG
MDTC34;BDR;BRMDTCBDR004;MEDTRONIC PUBLIC LIMITED COMPANY
MEAL3;SHARES;BRMEALACNOR9;INTERNATIONAL MEAL COMPANY ALIMENTACAO S.A.
MELI34;BDR;BRMELIBDR006;MERCADOLIBRE INC
MERC3;SHARES;BRMERCACNOR2;MERCANTIL BRASIL FINANC S.A. C.F.I.
MERC4;SHARES;BRMERCACNPR9;MERCANTIL BRASIL FINANC S.A. C.F.I.
METB34;BDR;BRMETBBDR004;METLIFE INC
MFAI11;FUNDS;BRMFAICTF005;MERITO FDO. AÇÕES IMOB. FII - FDO INV. IMOB.
MFII11;FUNDS;BRMFIICTF008;MÉRITO DESENVOLVIMENTO IMOBILIÁRIO I FII - FII
MGEL3;SHARES;BRMGELACNOR6;MANGELS INDUSTRIAL S.A.
MGEL4;SHARES;BRMGELACNPR3;MANGELS INDUSTRIAL S.A.
MGFB3;SHARES;BRMGFBACNOR4;M&G FIBRAS HOLDING S.A.
MGFF11;FUNDS;BRMGFFCTF008;FDO INV IMOB MOGNO FUNDO DE FUNDOS
MGHT11;FUNDS;BRMGHTCTF005;FDO. INV. IMOB. MOGNO HOTEIS
MGLU3;SHARES;BRMGLUACNOR2;MAGAZINE LUIZA S.A.
MILS3;SHARES;BRMILSACNOR2;MILLS ESTRUTURAS E SERVIÇOS DE ENGENHARIA S.A.
MINT11;FUNDS;BRMINTCTF009;FUNDO DE INVESTIMENTO IMOBILIÁRIO MINT EDUCACIONAL
MKLC34;BDR;BRMKLCBDR006;MARKEL CORP
MMAQ3;SHARES;BRMMAQACNOR1;MINASMAQUINAS S.A.
MMAQ4;SHARES;BRMMAQACNPR8;MINASMAQUINAS S.A.
MMBR3;SHARES;BRMMBRACNOR7;MAGNETI MARELLI DO BRASIL IND.COM S.A.
MMBR4;SHARES;BRMMBRACNPR4;MAGNETI MARELLI DO BRASIL IND.COM S.A.
MMCA3;SHARES;BRMMCAACNOR1;MAGNETI MARELLI COFAP AUTOPECAS S.A.
MMCA4;SHARES;BRMMCAACNPR8;MAGNETI MARELLI COFAP AUTOPECAS S.A.
MMCF3;SHARES;BRMMCFACNOR0;MAGNETI MARELLI COFAP-CIA FABR PECAS S/A
MMCF4;SHARES;BRMMCFACNPR7;MAGNETI MARELLI COFAP-CIA FABR PECAS S/A
MMMC34;BDR;BRMMMCBDR000;3M COMPANY
MMXM11;SHARES;BRMMXMTRV000;MMX MINERACAO E METALICOS S.A.
MMXM3;SHARES;BRMMXMACNOR2;MMX MINERACAO E METALICOS S.A.
MNBI3;SHARES;BRMNBIACNOR4;MLOG S.A.
MNDL3;SHARES;BRMNDLACNOR4;MUNDIAL S.A. - PRODUTOS DE CONSUMO
MNPR3;SHARES;BRMNPRACNOR5;MINUPAR PARTICIPACOES S.A.
MNZC3B;SHARES;BRMNZCACNOR6;TERMINAL GARAGEM MENEZES CORTES S.A.
MOAR3;SHARES;BRMOARACNOR5;MONTEIRO ARANHA S.A.
MOFF11;FUNDS;BRMOFFCTF002;MULTIOFFICES 2 - FDO. INV. IMOB.
MOOO34;BDR;BRMOOOBDR007;ALTRIA GROUP, INC.
MORE11;FUNDS;BRMORECTF000;MORE REAL ESTATE FOF FII FDO. INV. IMOB.
MOSC34;BDR;BRMOSCBDR003;THE MOSAIC COMPANY
MOVI3;SHARES;BRMOVIACNOR0;MOVIDA PARTICIPACOES SA
MPBH11;SHARES;BRMPBHA01OR2;MARINA PORTO BUZIOS HOTEIS E TURISMO S.A
MRCK34;BDR;BRMRCKBDR003;MERCK & CO., INC.
MRFG3;SHARES;BRMRFGACNOR0;MARFRIG GLOBAL FOODS S.A.
MRSA3B;SHARES;BRMRSAACNOR6;MRS LOGISTICA S.A.
MRSA5B;SHARES;BRMRSAACNPA9;MRS LOGISTICA S.A.
MRSA6B;SHARES;BRMRSAACNPB7;MRS LOGISTICA S.A.
MRVE3;SHARES;BRMRVEACNOR2;MRV ENGENHARIA E PARTICIPACOES S.A.
MSBR34;BDR;BRMSBRBDR008;MORGAN STANLEY
MSCD34;BDR;BRMSCDBDR006;MASTERCARD INCORPORATED
MSFT34;BDR;BRMSFTBDR005;MICROSOFT CORPORATION
MSPA3;SHARES;BRMSPAACNOR0;CIA MELHORAMENTOS DE SAO PAULO
MSPA4;SHARES;BRMSPAACNPR7;CIA MELHORAMENTOS DE SAO PAULO
MSRO3;SHARES;BRMSROACNOR7;MAESTRO LOCADORA DE VEICULOS S.A.
MTAL3;SHARES;BRMTALACNOR7;CIMETAL SIDERURGIA S/A
MTAL6;SHARES;BRMTALACNPB8;CIMETAL SIDERURGIA S/A
MTIG3;SHARES;BRMTIGACNOR0;METALGRAFICA IGUACU S.A.
MTIG4;SHARES;BRMTIGACNPR7;METALGRAFICA IGUACU S.A.
MTNR5;SHARES;BRMTNRACNPA0;METANOR - METANOL DO NORDESTE S.A.
MTNR7;SHARES;BRMTNRACNPC6;METANOR - METANOL DO NORDESTE S.A.
MTOF11;FUNDS;BRMTOFCTF003;MULTIOFFICES 1 - FDO. INV. IMOB
MTRE3;SHARES;BRMTREACNOR6;MITRE REALTY EMPREENDIMENTOS E PARTICIPAÇÕES S.A.
MTRS11;FUNDS;BRMTRSCTF009;FDO INV IMOB - BTG PACTUAL METROPOLIS
MTSA3;SHARES;BRMTSAACNOR2;METISA METALURGICA TIMBOENSE S.A.
MTSA4;SHARES;BRMTSAACNPR9;METISA METALURGICA TIMBOENSE S.A.
MULT3;SHARES;BRMULTACNOR5;MULTIPLAN - EMPREEND IMOBILIARIOS S.A.
MUTC34;BDR;BRMUTCBDR008;MICRON TECHNOLOGY INC
MVFI11;FUNDS;BRMVFICTF001;FDO INV IMOB MV9 - FII
MWET3;SHARES;BRMWETACNOR6;WETZEL S.A.
MWET4;SHARES;BRMWETACNPR3;WETZEL S.A.
MWIS6;SHARES;BRMWISACNPB0;MWI - SISTEMA DE COMUNICACAO S.A.
MXRF11;FUNDS;BRMXRFCTF008;MAXI RENDA FDO INV IMOB - FII
MYPK3;SHARES;BRMYPKACNOR7;IOCHPE MAXION S.A.
N1BL34;BDR;BRN1BLBDR003;NOBLE ENERGY INC
N1CL34;BDR;BRN1CLBDR001;NORWEGIAN CRUISE LINE HOLDINGS LTD
N1DA34;BDR;BRN1DABDR002;NASDAQ INC
N1EM34;BDR;BRN1EMBDR005;NEWMONT GOLDCORP CORP
N1IS34;BDR;BRN1ISBDR003;NISOURCE INC
N1LS34;BDR;BRN1LSBDR007;NIELSEN HOLDINGS PLC
N1OV34;BDR;BRN1OVBDR005;National Oilwell Varco Inc
N1RG34;BDR;BRN1RGBDR009;NRG ENERGY INC
N1SC34;BDR;BRN1SCBDR006;Norfolk Southern Corp
N1TA34;BDR;BRN1TABDR008;NETAPP INC
N1TR34;BDR;BRN1TRBDR002;NORTHERN TRUST CORP
N1UE34;BDR;BRN1UEBDR008;Nucor Corp
N1VR34;BDR;BRN1VRBDR008;NVR INC
N1WL34;BDR;BRN1WLBDR009;NEWELL BRANDS INC
N1WS34;BDR;BRN1WSBDR004;NEWS CORP
N1XP34;BDR;BRN1XPBDR008;NXP SEMICONDUCTORS NV
NAII3;SHARES;BRNAIIACNOR4;NAI HOLDINGS S.A.
NAII4;SHARES;BRNAIIACNPR1;NAI HOLDINGS S.A.
NCHB11;FUNDS;BRNCHBCTF000;FDO INV IMOB - FII NCH BRASIL RECEBÍVEIS IMOB
NELO11;FUNDS;BRNELOCTF001;NE LOGISTIC FDO INV IMOB
NEMO3;SHARES;BRNEMOACNOR6;SUZANO HOLDING S.A.
NEMO5;SHARES;BRNEMOACNPA9;SUZANO HOLDING S.A.
NEMO6;SHARES;BRNEMOACNPB7;SUZANO HOLDING S.A.
NEOE3;SHARES;BRNEOEACNOR3;NEOENERGIA S.A.
NESB3;SHARES;BRNESBACNOR0;NESBER S.A.
NETE34;BDR;BRNETEBDR006;NETEASE INC
NEWL11;FUNDS;BRNEWLCTF004;NEWPORT LOGÍSTICA FDO INV. IMOB.
NEWU11;FUNDS;BRNEWUCTF005;NEWPORT RENDA URBANA FDO INV IMOB
NEXT34;BDR;BRNEXTBDR006;NEXTERA ENERGY INC
NFLX34;BDR;BRNFLXBDR000;NETFLIX, INC.
NIKE34;BDR;BRNIKEBDR006;NIKE INC
NIPL3;SHARES;BRNIPLACNOR6;NIPLAN ENGENHARIA S.A.
NMRH34;BDR;BRNMRHBDR006;NOMURA HOLDINGS INC
NOCG34;BDR;BRNOCGBDR006;NORTHROP GRUMMAN CORP
NODA3;SHARES;BRNODAACNOR3;NOVADATA SISTEMAS E COMPUTADORES S/A
NODA6;SHARES;BRNODAACNPB4;NOVADATA SISTEMAS E COMPUTADORES S/A
NOKI34;BDR;BRNOKIBDR005;NOKIA CORPORATION
NORD3;SHARES;BRNORDACNOR7;NORDON INDUSTRIAS METALURGICAS S.A.
NPAR11;FUNDS;BRNPARCTF003;FDO INV IMOB NESTPAR - FII
NRTQ3;SHARES;BRNRTQACNOR8;NORTEC QUÍMICA S.A.
NSLU11;FUNDS;BRNSLUCTF008;FDO INV IMOB - FII HOSPITAL NOSSA SRA DE LOURDES
NTCO3;SHARES;BRNTCOACNOR5;NATURA &CO HOLDING S.A.
NUTR3;SHARES;BRNUTRACNOR0;NUTRIPLANT INDUSTRIA E COMERCIO S.A.
NVDC34;BDR;BRNVDCBDR008;NVIDIA CORP
NVHO11;FUNDS;BRNVHOCTF003;FDO INV IMOB - FII NOVO HORIZONTE
NVIF11B;FUNDS;BRNVIFCTF009;NOVA I - FDO INV IMOB - FII
NVRP11;FUNDS;BRNVRPCTF009;FDO INV PART NOVA RAPOSO - MULTIESTRATEGIA
NXVL3;SHARES;BRNXVLACNOR3;NOXVILLE INVESTIMENTOS S.A.
NXVL4;SHARES;BRNXVLACNPR0;NOXVILLE INVESTIMENTOS S.A.
O1KE34;BDR;BRO1KEBDR008;ONEOK Inc
O1MC34;BDR;BRO1MCBDR008;OMNICOM GROUP INC
ODER3;SHARES;BRODERACNOR6;CONSERVAS ODERICH S.A.
ODER4;SHARES;BRODERACNPR3;CONSERVAS ODERICH S.A.
ODPV3;SHARES;BRODPVACNOR4;ODONTOPREV S.A.
OFSA3;SHARES;BROFSAACNOR7;OURO FINO SAUDE ANIMAL PARTICIPACOES S.A.
OIBR3;SHARES;BROIBRACNOR1;OI S.A.
OIBR4;SHARES;BROIBRACNPR8;OI S.A.
OMGE3;SHARES;BROMGEACNOR0;OMEGA GERAÇÃO S.A.
ONEF11;FUNDS;BRONEFCTF003;FDO INV IMOB THE ONE
OPDL3B;SHARES;BROPDLACNOR5;DALETH PARTICIPACOES S.A.
OPEQ11B;FUNDS;BROPEQCTF013;INVESTIDORES INSTITUCIONAIS FDO INV PART MULTIESTR
OPGM3B;SHARES;BROPGMACNOR6;GAMA PARTICIPACOES S.A.
OPHE3B;SHARES;BROPHEACNOR1;OPPORTUNITY ENERGIA E PARTICIPACOES S.A.
OPHF11B;FUNDS;BROPHFCTF001;OPPORTUNITY HOLDING FDO INV PART MULT INV NO EXT
OPSE3B;SHARES;BROPSEACNOR8;SUDESTE S.A.
OPTS3B;SHARES;BROPTSACNOR6;SUL 116 PARTICIPACOES S.A.
ORCL34;BDR;BRORCLBDR007;ORACLE CORPORATION
ORLY34;BDR;BRORLYBDR001;OREILLY AUTOMOTIVE INC
ORNA4B;SHARES;BRORNAACNPR0;ORNATO S.A. INDL DE PISOS E AZULEJOS
ORPD11;FUNDS;BRORPDCTF005;OURO VERDE DESENV IMOB I FDO INV IMOB - FII
OSXB3;SHARES;BROSXBACNOR8;OSX BRASIL S.A.
OUCY11;FUNDS;BROUCYCTF003;FUNDO INV IMOB - OURINVEST CYRELA - FII
OUFF11;FUNDS;BROUFFCTF005;FDO INV IMOB - OURINVEST FUNDO DE FUNDOS
OUJP11;FUNDS;BROUJPCTF006;OURINVEST JPP FDO INV IMOB - FII
OULG11;FUNDS;BROULGCTF001;FDO INV IMOB OURINVEST LOGÍSTICA
OXYP34;BDR;BROXYPBDR000;OCCIDENTAL PETROLEUM CORP
P1AC34;BDR;BRP1ACBDR002;PACCAR INC
P1AY34;BDR;BRP1AYBDR006;Paychex Inc
P1BC34;BDR;BRP1BCBDR000;Peoples United Financial Inc
P1DT34;BDR;BRP1DTBDR000;Prudential Financial Inc
P1EA34;BDR;BRP1EABDR008;Healthpeak Properties Inc
P1EG34;BDR;BRP1EGBDR005;Public Service Enterprise Group Inc
P1FG34;BDR;BRP1FGBDR002;PRINCIPAL FINANCIAL GROUP INC
P1GR34;BDR;BRP1GRBDR007;The Progressive Corp
P1HC34;BDR;BRP1HCBDR007;PARKER-HANNIFIN CORP
P1HM34;BDR;BRP1HMBDR006;PULTEGROUP INC
P1IO34;BDR;BRP1IOBDR000;PIONEER NATURAL RESOURCES CO
P1KG34;BDR;BRP1KGBDR002;PACKAGING CORP OF AMERICA
P1KI34;BDR;BRP1KIBDR008;PERKINELMER INC
P1LD34;BDR;BRP1LDBDR007;Prologis Inc
P1NR34;BDR;BRP1NRBDR003;PENTAIR PLC
P1NW34;BDR;BRP1NWBDR003;PINNACLE WEST CAPITAL CORP
P1PG34;BDR;BRP1PGBDR001;PPG Industries Inc
P1PL34;BDR;BRP1PLBDR001;PPL CORP
P1RG34;BDR;BRP1RGBDR007;Perrigo Co PLC
P1SA34;BDR;BRP1SABDR008;PUBLIC STORAGE
P1SX34;BDR;BRP1SXBDR000;PHILLIPS 66
P1VH34;BDR;BRP1VHBDR007;PVH CORP
PABY11;FUNDS;BRPABYCTF012;FDO INV IMOB PANAMBY
PARD3;SHARES;BRPARDACNOR1;INSTITUTO HERMES PARDINI S.A.
PATB11;FUNDS;BRPATBCTF004;FDO INV IMOB - FII PATEO BANDEIRANTES
PATC11;FUNDS;BRPATCCTF002;PÁTRIA EDIFÍCIOS CORPORATIVOS FDO INV IMOB - FII
PATI3;SHARES;BRPATIACNOR6;PANATLANTICA S.A.
PATI4;SHARES;BRPATIACNPR3;PANATLANTICA S.A.
PATL11;FUNDS;BRPATLCTF003;PÁTRIA LOGÍSTICA FUNDO DE INVESTIMENTO IMOBILIÁRIO
PBLV11;FUNDS;BRPBLVCTF007;PROLOGIS BRAZIL LOGISTICS VENTURE FDO INV IMOB
PBYR11;FUNDS;BRPBYRCTF008;FUND. INVEST. IMOB. FII PANAMBY RENDA MASTER
PCAR3;SHARES;BRPCARACNOR3;CIA BRASILEIRA DE DISTRIBUICAO
PCFV4;SHARES;BRPCFVACNPR1;POCOS DE FERVEDOURO S.A.
PDGR3;SHARES;BRPDGRACNOR8;PDG REALTY S.A. EMPREEND E PARTICIPACOES
PEAB3;SHARES;BRPEABACNOR3;CIA PARTICIPACOES ALIANCA DA BAHIA
PEAB4;SHARES;BRPEABACNPR0;CIA PARTICIPACOES ALIANCA DA BAHIA
PEPB34;BDR;BRPEPBBDR005;PEPSICO, INC.
PETR3;SHARES;BRPETRACNOR9;PETROLEO BRASILEIRO S.A. PETROBRAS
PETR4;SHARES;BRPETRACNPR6;PETROLEO BRASILEIRO S.A. PETROBRAS
PFIN11;FUNDS;BRPFINCTF001;PERFIN APOLLO ENERGIA FIP EM INFRAESTRUTURA
PFIZ34;BDR;BRPFIZBDR006;PFIZER INC.
PFRM3;SHARES;BRPFRMACNOR1;PROFARMA DISTRIB PROD FARMACEUTICOS S.A.
PGCO34;BDR;BRPGCOBDR001;PROCTER & GAMBLE COMPANY
PHGN34;BDR;BRPHGNBDR002;KONINKLIJKE PHILIPS NV
PHMO34;BDR;BRPHMOBDR008;PHILIP MORRIS INTERNATIONAL INC
PINE3;SHARES;BRPINEACNOR1;BCO PINE S.A.
PINE4;SHARES;BRPINEACNPR8;BCO PINE S.A.
PLAS3;SHARES;BRPLASACNOR2;PLASCAR PARTICIPACOES INDUSTRIAIS S.A.
PLCR11;FUNDS;BRPLCRCTF003;FDO INV. IMOB. PLURAL RECEBIVEIS
PLFS3;SHARES;BRPLFSACNOR1;POLO FILMS INDUSTRIA E COMERCIO SA
PLRI11;FUNDS;BRPLRICTF000;POLO FDO INV IMOB - FII RECEBÍVEIS IMOBILIÁRIOS I
PLSP3;SHARES;BRPLSPACNOR0;PLASCORP PARTICIPAÇÕES S.A.
PMAM3;SHARES;BRPMAMACNOR3;PARANAPANEMA S.A.
PMSP11B;SHARES;BRPMSPCPA000;PREFEITURA MUNICIPAL DE SAO PAULO
PMSP12B;SHARES;BRPMSPCPA018;PREFEITURA MUNICIPAL DE SAO PAULO
PMSP13B;SHARES;BRPMSPCPA026;PREFEITURA MUNICIPAL DE SAO PAULO
PNCS34;BDR;BRPNCSBDR008;PNC FINANCIAL SERVICES GROUP INC
PNVL3;SHARES;BRPNVLACNOR9;DIMED S.A. DISTRIBUIDORA DE MEDICAMENTOS
PNVL4;SHARES;BRPNVLACNPR6;DIMED S.A. DISTRIBUIDORA DE MEDICAMENTOS
POMO3;SHARES;BRPOMOACNOR0;MARCOPOLO S.A.
POMO4;SHARES;BRPOMOACNPR7;MARCOPOLO S.A.
PORD11;FUNDS;BRPORDCTF005;POLO FDO INV IMOB - RECEBÍVEIS IMOB II - FII
POSI3;SHARES;BRPOSIACNOR9;POSITIVO TECNOLOGIA S.A.
PPAR3;SHARES;BRPPARACNOR5;POLPAR S.A.
PPLA11;UNIT;BRPPLAUNT007;PPLA PARTICIPATIONS LTD.
PPLA11F;UNIT;BRPPLAUNT007;PPLA PARTICIPATIONS LTD.
PPLA35;BDR;BRPPLABDR010;PPLA PARTICIPATIONS LTD.
PPLA36;BDR;BRPPLABDR002;PPLA PARTICIPATIONS LTD.
PQDP11;FUNDS;BRPQDPCTF004;FDO INV IMOB - FII PARQUE D. PEDRO SHOPPING CENTER
PRIO3;SHARES;BRPRIOACNOR1;PETRO RIO S.A.
PRMN3B;SHARES;BRPRMNACNOR5;PRODUTORES ENERGET.DE MANSO S.A.- PROMAN
PRNR3;SHARES;BRPRNRACNOR4;PRINER SERVIÇOS INDUSTRIAIS S.A.
PRPT3B;SHARES;BRPRPTACNOR5;PROMPT PARTICIPACOES S.A.
PRSN11B;FUNDS;BRPRSNCTF005;PERSONALE I FDO INV IMOB - FII
PRSV11;FUNDS;BRPRSVCTF008;PRESIDENTE VARGAS FDO INV IMOB
PRTS11;FUNDS;BRPRTSCTF002;MULTI PROPERTIES FDO INV IMOB - FII
PSEG3;SHARES;BRPSEGACNOR4;SAUIPE S.A.
PSEG4;SHARES;BRPSEGACNPR1;SAUIPE S.A.
PSSA3;SHARES;BRPSSAACNOR7;PORTO SEGURO S.A.
PSVM11;SHARES;BRPSVMTRV004;PORTO SUDESTE V.M. S.A.
PTBL3;SHARES;BRPTBLACNOR8;PBG S/A
PTBP4;SHARES;BRPTBPACNPR6;PORTOBELLO PARTICIPACOES CERAMICAS S.A.
PTCA11;SHARES;BRPTCAARNPR4;PRATICA KLIMAQUIP INDUSTRIA E COMERCIO SA
PTCA3;SHARES;BRPTCAACNOR9;PRATICA KLIMAQUIP INDUSTRIA E COMERCIO SA
PTCH34;BDR;BRPTCHBDR008;PETROCHINA CO LTD
PTNT3;SHARES;BRPTNTACNOR6;PETTENATI S.A. INDUSTRIA TEXTIL
PTNT4;SHARES;BRPTNTACNPR3;PETTENATI S.A. INDUSTRIA TEXTIL
PTSL3;SHARES;BRPTSLACNOR2;PORTOSUL PARTICIPAÇÕES S.A.
PTSL4;SHARES;BRPTSLACNPR9;PORTOSUL PARTICIPAÇÕES S.A.
PVBI11;FUNDS;BRPVBICTF003;FDO. INV. IMOB. VBI PRIME PROPERTIES
PYPL34;BDR;BRPYPLBDR002;PAYPAL HOLDINGS INC
Q1RV34;BDR;BRQ1RVBDR005;QORVO INC
Q1UA34;BDR;BRQ1UABDR003;QUANTA SERVICES INC
Q1UE34;BDR;BRQ1UEBDR005;QUEST DIAGNOSTICS INC
QAGR11;FUNDS;BRQAGRCTF005;QUASAR AGRO - FDO INV. IMOB.
QCOM34;BDR;BRQCOMBDR007;QUALCOMM INC.
QINF11;FUNDS;BRQINFCTF009;QUASAR INFRA I FDO. INVEST. PARTIC. INFRA.
QNTS11;FUNDS;BRQNTSCTF009;FDO INV IMOB QUINTAS
QUAL3;SHARES;BRQUALACNOR6;QUALICORP CONSULTORIA E CORRETORA DE SEGUROS S.A.
QUSW3;SHARES;BRQUSWACNOR5;QUALITY SOFTWARE S.A.
QVQP3B;SHARES;BRQVQPACNOR1;524 PARTICIPACOES S.A.
R1CL34;BDR;BRR1CLBDR007;ROYAL CARIBBEAN CRUISES LTD
R1EG34;BDR;BRR1EGBDR003;REGENCY CENTERS CORP
R1FC34;BDR;BRR1FCBDR009;REGIONS FINANCIAL CORP
R1HI34;BDR;BRR1HIBDR002;ROBERT HALF INTERNATIONAL INC
R1IN34;BDR;BRR1INBDR000;REALTY INCOME CORP
R1JF34;BDR;BRR1JFBDR004;RAYMOND JAMES FINANCIAL INC
R1LC34;BDR;BRR1LCBDR007;RALPH LAUREN CORP
R1MD34;BDR;BRR1MDBDR003;RESMED INC
R1OK34;BDR;BRR1OKBDR004;ROCKWELL AUTOMATION INC
R1OL34;BDR;BRR1OLBDR002;ROLLINS INC
R1OP34;BDR;BRR1OPBDR003;ROPER TECHNOLOGIES INC
R1SG34;BDR;BRR1SGBDR003;REPUBLIC SERVICES INC
RADL3;SHARES;BRRADLACNOR0;RAIA DROGASIL S.A.
RAIL3;SHARES;BRRAILACNOR9;RUMO S.A.
RANI3;SHARES;BRRANIACNOR5;IRANI PAPEL E EMBALAGEM S.A.
RANI4;SHARES;BRRANIACNPR2;IRANI PAPEL E EMBALAGEM S.A.
RAPT3;SHARES;BRRAPTACNOR7;RANDON S.A. IMPLEMENTOS E PARTICIPACOES
RAPT4;SHARES;BRRAPTACNPR4;RANDON S.A. IMPLEMENTOS E PARTICIPACOES
RBBV11;FUNDS;BRRBBVCTF004;JHSF RIO BRAVO FAZENDA BOA VISTA CAP. PROT. - FII
RBCO11;FUNDS;BRRBCOCTF007;RB CAPITAL OFFICE INCOME FDO INV. IMOB.
RBDS11;FUNDS;BRRBDSCTF006;RB CAPITAL DESENV. RESID. II FDO INV IMOB - FII
RBED11;FUNDS;BRRBEDCTF006;FDO INV IMOB RIO BRAVO RENDA EDUCACIONAL - FII
RBFF11;FUNDS;BRRBFFCTF008;RIO BRAVO IFIX FDO INV IMOB
RBFI11B;FUNDS;BRRBFICTF002;RIO BRAVO INVESTIMENTOS FIP
RBFI12B;FUNDS;BRRBFICTF010;RIO BRAVO INVESTIMENTOS FIP
RBGS11;FUNDS;BRRBGSCTF009;RB CAPITAL GENERAL SHOP SULACAP FDO INV IMOB - FII
RBIR11;FUNDS;BRRBIRCTF007;RB CAPITAL DESENV. RESIDENCIAL IV FDO. INV. IMOB.
RBIV11;FUNDS;BRRBIVCTF009;RIO BRAVO CRÉDITO IMOB IV FDO INV IMOB - FII
RBRD11;FUNDS;BRRBRDCTF008;RB CAPITAL RENDA II FDO INV IMOB - FII
RBRF11;FUNDS;BRRBRFCTF003;RBR ALPHA MULTIESTRATÉGIA REAL ESTATE FDO INV IMOB
RBRL11;FUNDS;BRRBRLCTF001;RBR LOG FUNDO DE INVESTIMENTO IMOBILIÁRIO
RBRM11;FUNDS;BRRBRMCTF009;FDO INV IMOB - FII RBR DESENVOLVIMENTO
RBRP11;FUNDS;BRRBRPCTF002;FDO INV IMOB RBR PROPERTIES - FII
RBRR11;FUNDS;BRRBRRCTF008;FDO INV IMOB - FII RBR RENDIMENTO HIGH GRADE
RBRY11;FUNDS;BRRBRYCTF004;FDO INV IMOB RBR CRÉDITO IMOB HIGH YIELD
RBTS11;FUNDS;BRRBTSCTF002;RB CAPITAL TFO SITUS FDO INV IMOB - FII
RBVA11;FUNDS;BRRBVACTF006;FDO INV IMOB RIO BRAVO RENDA VAREJO - FII
RBVO11;FUNDS;BRRBVOCTF007;RIO BRAVO CRÉDITO IMOBILIÁRIO II FDO INV IMOB -FII
RCFA11;FUNDS;BRRCFACTF007;GRUPO RCFA FDO INV IMOB
RCFF11;FUNDS;BRRCFFCTF006;RBR DESENV COMERCIAL FEEDER FOF FDO INVEST IMOB
RCRB11;FUNDS;BRRCRBCTF000;FDO INV IMOB RIO BRAVO RENDA CORPORATIVA
RCRI11B;FUNDS;BRRCRICTF005;RB CAPITAL RENDIMENTOS IMOB FDO INV IMOB - FII
RCSL3;SHARES;BRRCSLACNOR4;RECRUSUL S.A.
RCSL4;SHARES;BRRCSLACNPR1;RECRUSUL S.A.
RDNI3;SHARES;BRRDNIACNOR9;RNI NEGÓCIOS IMOBILIÁRIOS S.A.
RDPD11;FUNDS;BRRDPDCTF008;BB RENDA DE PAPEIS IMOB II FDO INV IMOB - FII
RDSA34;BDR;BRRDSABDR009;ROYAL DUTCH SHELL PLC
RECT11;FUNDS;BRRECTCTF000;FDO INV IMOB - FII UBS (BR) OFFICE
REDE3;SHARES;BRREDEACNOR7;REDE ENERGIA PARTICIPAÇÕES S.A.
REFC4;SHARES;BRREFCACNPR3;REFINADORA CATARINENSE S.A.
REGN34;BDR;BRREGNBDR005;REGENERON PHARMACEUTICALS INC
REIT11;FUNDS;BRREITCTF007;SOCOPA FDO INV IMOB - FII
RENT3;SHARES;BRRENTACNOR4;LOCALIZA RENT A CAR S.A.
RFAG3;SHARES;BRRFAGACNOR5;REDE FEDERAL ARMAZENS GERAIS FERROV. S/A
RFOF11;FUNDS;BRRFOFCTF001;FDO. INVEST. IMOB. RB CAPITAL I FUNDO DE FUNDOS
RGLO11;FUNDS;BRRGLOCTF007;REGILO FDO INV ACOES
RHED4;SHARES;BRRHEDACNPR7;RHEDE TECNOLOGIA S.A.
RHPY3;SHARES;BRRHPYACNOR2;RI HAPPY BRINQUEDOS S.A.
RIBC8;SHARES;BRRIBCACNPD3;RIBEIRO CORDEIRO IND E COMERCIOS.A.
RIGG34;BDR;BRRIGGBDR000;TRANSOCEAN LTD.
RIOT34;BDR;BRRIOTBDR007;RIO TINTO PLC
RIVA3;SHARES;BRRIVAACNOR8;RIVA 9 EMPREENDIMENTOS IMOBILIÁRIOS S.A.
RLOG3;SHARES;BRRLOGACNOR4;COSAN LOGISTICA S.A.
RLTM11;SHARES;BRRLTMA01OR2;RELASTOMER TECNOLOGIA E PARTICIP S.A.
RNDP11;FUNDS;BRRNDPCTF007;BB RENDA DE PAPÉIS IMOBILIÁRIOS FDO INV IMOB - FII
RNEW11;UNIT;BRRNEWCDAM15;RENOVA ENERGIA S.A.
RNEW11F;UNIT;BRRNEWCDAM15;RENOVA ENERGIA S.A.
RNEW3;SHARES;BRRNEWACNOR8;RENOVA ENERGIA S.A.
RNEW4;SHARES;BRRNEWACNPR5;RENOVA ENERGIA S.A.
RNGO11;FUNDS;BRRNGOCTF003;FDO INV IMOB RIO NEGRO - FII
RNOV11;FUNDS;BRRNOVCTF002;IMMOB I FDO INV IMOB - FII
RNOV12;FUNDS;BRRNOVCTF010;IMMOB I FDO INV IMOB - FII
RNPT4;SHARES;BRRNPTACNPR7;RENNER PARTICIPACOES S.A.
ROMI3;SHARES;BRROMIACNOR8;INDUSTRIAS ROMI S.A.
ROOS12;SHARES;BRROOSA02OR2;ROOSTER S.A. INDUSTRIA DE EQUIPAMENTOS
ROST34;BDR;BRROSTBDR006;ROSS STORES, INC.
RPAD3;SHARES;BRRPADACNOR1;ALFA HOLDINGS S.A.
RPAD5;SHARES;BRRPADACNPA4;ALFA HOLDINGS S.A.
RPAD6;SHARES;BRRPADACNPB2;ALFA HOLDINGS S.A.
RPMG3;SHARES;BRRPMGACNOR9;REFINARIA DE PETROLEOS MANGUINHOS S.A.
RRCI11;FUNDS;BRRRCICTF005;RB CAPITAL RECEBÍVEIS IMOB. FDO. INVEST. IMOB FII
RSID3;SHARES;BRRSIDACNOR8;ROSSI RESIDENCIAL S.A.
RSPD11;FUNDS;BRRSPDCTF006;RB CAPITAL DESENV RESID III FDO INV IMOB - FII
RSUL3;SHARES;BRRSULACNOR6;METALURGICA RIOSULENSE S.A.
RSUL4;SHARES;BRRSULACNPR3;METALURGICA RIOSULENSE S.A.
RVBI11;FUNDS;BRRVBICTF009;VBI REITS FOF - FDO. INV. IMOB
RVBR11;FUNDS;BRRVBRCTF000;FDO INV IMOB RIVIERA BR LOGISTICA
RVRA11;FUNDS;BRRVRACTF002;FDO INV IMOB RIVIERA RIO QUENTE RESORTS - FII
RYTT34;BDR;BRRYTTBDR003;RAYTHEON TECHNOLOGIES CORPORATION
S1BA34;BDR;BRS1BABDR001;SBA COMMUNICATIONS CORP
S1EA34;BDR;BRS1EABDR005;SEALED AIR CORP
S1HW34;BDR;BRS1HWBDR002;THE SHERWIN-WILLIAMS CO
S1IV34;BDR;BRS1IVBDR002;SVB FINANCIAL GROUP
S1JM34;BDR;BRS1JMBDR009;THE JM SMUCKER CO
S1LG34;BDR;BRS1LGBDR007;SL GREEN REALTY CORP
S1NA34;BDR;BRS1NABDR006;SNAP-ON INC
S1NP34;BDR;BRS1NPBDR004;SYNOPSYS INC
S1OU34;BDR;BRS1OUBDR002;SOUTHWEST AIRLINES CO
S1PO34;BDR;BRS1POBDR002;SPOTIFY TECHNOLOGY SA
S1RE34;BDR;BRS1REBDR009;SEMPRA ENERGY
S1SL34;BDR;BRS1SLBDR002;SKYWORKS SOLUTIONS INC
S1TT34;BDR;BRS1TTBDR003;STATE STREET CORP
S1TX34;BDR;BRS1TXBDR005;SEAGATE TECHNOLOGY PLC
S1WK34;BDR;BRS1WKBDR006;STANLEY BLACK & DECKER INC
S1YF34;BDR;BRS1YFBDR002;SYNCHRONY FINANCIAL
S1YK34;BDR;BRS1YKBDR002;STRYKER CORP
S1YM34;BDR;BRS1YMBDR008;NORTONLIFELOCK INC.
S1YY34;BDR;BRS1YYBDR003;SYSCO CORP
SADI11;FUNDS;BRSADICTF007;SANTANDER PAPEIS IMOB CDI FDO INV IMOB
SAIC11B;FUNDS;BRSAICCTF009;FDO INV IMOB - FII SIA CORPORATE
SANB11;UNIT;BRSANBCDAM13;BCO SANTANDER (BRASIL) S.A.
SANB11F;UNIT;BRSANBCDAM13;BCO SANTANDER (BRASIL) S.A.
SANB3;SHARES;BRSANBACNOR8;BCO SANTANDER (BRASIL) S.A.
SANB4;SHARES;BRSANBACNPR5;BCO SANTANDER (BRASIL) S.A.
SANY6;SHARES;BRSANYACNPB1;SANYO DA AMAZONIA S.A.
SAPP34;BDR;BRSAPPBDR007;SAP SE
SAPR11;UNIT;BRSAPRCDAM13;CIA SANEAMENTO DO PARANA - SANEPAR
SAPR11F;UNIT;BRSAPRCDAM13;CIA SANEAMENTO DO PARANA - SANEPAR
SAPR3;SHARES;BRSAPRACNOR9;CIA SANEAMENTO DO PARANA - SANEPAR
SAPR4;SHARES;BRSAPRACNPR6;CIA SANEAMENTO DO PARANA - SANEPAR
SARE11;FUNDS;BRSARECTF006;SANTANDER RENDA DE ALUGUÉIS FDO. INVEST. IMOB.
SBNY34;BDR;BRSBNYBDR002;SIGNATURE BANK CORP
SBSP3;SHARES;BRSBSPACNOR5;CIA SANEAMENTO BASICO EST SAO PAULO
SBUB34;BDR;BRSBUBBDR005;STARBUCKS CORPORATION
SCAR3;SHARES;BRSCARACNOR7;SAO CARLOS EMPREEND E PARTICIPACOES S.A.
SCHW34;BDR;BRSCHWBDR006;THE CHARLES SCHWAB CORPORATION
SCPF11;FUNDS;BRSCPFCTF003;FDO INV IMOB SCP
SDIL11;FUNDS;BRSDILCTF004;FDO INV IMOB SDI RIO BRAVO RENDA LOGISTICA - FII
SDRM3;SHARES;BRSDRMACNOR0;CIA SIDERURGICA DA AMAZONIA - SIDERAMA
SDRM6;SHARES;BRSDRMACNPB1;CIA SIDERURGICA DA AMAZONIA - SIDERAMA
SEER3;SHARES;BRSEERACNOR5;SER EDUCACIONAL S.A.
SFFI11;FUNDS;BRSFFICTF001;FDO INV IMOB SF - FII
SFND11;FUNDS;BRSFNDCTF006;FDO INV IMOB SÃO FERNANDO
SGPS3;SHARES;BRSGPSACNOR4;SPRINGS GLOBAL PARTICIPACOES S.A.
SHDP11B;FUNDS;BRSHDPCTF007;FDO INV IMOB - FII SHOPPING PARQUE D. PEDRO
SHOP11;FUNDS;BRSHOPCTF004;MULTI SHOPPINGS FDO INV IMOB - FII
SHOW3;SHARES;BRSHOWACNOR7;T4F ENTRETENIMENTO S.A.
SHPH11;FUNDS;BRSHPHCTF008;FDO INV IMOB SHOPPING PÁTIO HIGIENÓPOLIS
SHUL3;SHARES;BRSHULACNOR7;SCHULZ S.A.
SHUL4;SHARES;BRSHULACNPR4;SCHULZ S.A.
SILO3;SHARES;BRSILOACNOR8;CIA DE ARMAZENS E SILOS DO EST MG-CASEMG
SILO4;SHARES;BRSILOACNPR5;CIA DE ARMAZENS E SILOS DO EST MG-CASEMG
SIMN34;BDR;BRSIMNBDR002;SIMON PROPERTY GROUP INC
SIMR7;SHARES;BRSIMRACNPC8;SIDERÚRGICA NORTE BRASIL S.A.
SLBC34;BDR;BRSLBCBDR002;STERLING BANCORP
SLBG34;BDR;BRSLBGBDR003;SCHLUMBERGER LIMITED
SLCE3;SHARES;BRSLCEACNOR2;SLC AGRICOLA S.A.
SLCT3B;SHARES;BRSLCTACNOR0;Inncorp S.A.
SLED3;SHARES;BRSLEDACNOR0;SARAIVA LIVREIROS S.A. - EM RECUPERAÇÃO JUDICIAL
SLED4;SHARES;BRSLEDACNPR7;SARAIVA LIVREIROS S.A. - EM RECUPERAÇÃO JUDICIAL
SMFT3;SHARES;BRSMFTACNOR1;SMARTFIT ESCOLA DE GINÁSTICA E DANÇA S.A.
SMLS3;SHARES;BRSMLSACNOR1;SMILES FIDELIDADE S.A.
SMTO3;SHARES;BRSMTOACNOR3;SAO MARTINHO S.A.
SNEC34;BDR;BRSNECBDR002;SONY CORP
SNSY3;SHARES;BRSNSYACNOR2;SANSUY S.A. INDUSTRIA DE PLASTICOS
SNSY5;SHARES;BRSNSYACNPA5;SANSUY S.A. INDUSTRIA DE PLASTICOS
SNSY6;SHARES;BRSNSYACNPB3;SANSUY S.A. INDUSTRIA DE PLASTICOS
SOND3;SHARES;BRSONDACNOR5;SONDOTECNICA ENGENHARIA SOLOS S.A.
SOND5;SHARES;BRSONDACNPA8;SONDOTECNICA ENGENHARIA SOLOS S.A.
SOND6;SHARES;BRSONDACNPB6;SONDOTECNICA ENGENHARIA SOLOS S.A.
SPAF11;FUNDS;BRSPAFCTF007;SPA FDO INV IMOB - FII
SPCI6;SHARES;BRSPCIACNPB5;SOCIEDADE DE PARTICIP. CIMENTEIRAS S.A.
SPCR3;SHARES;BRSPCRACNOR5;SPE CRISTINA S.A.
SPFM12;FUNDS;BRSPFMCTF028;SP FILMES DE SAO PAULO LTDA
SPGI34;BDR;BRSPGIBDR009;S&P GLOBAL INC
SPRI11;SHARES;BRSPRIA03OR9;SPRINGER S.A.
SPRI3;SHARES;BRSPRIACNOR2;SPRINGER S.A.
SPRI5;SHARES;BRSPRIACNPA5;SPRINGER S.A.
SPRI6;SHARES;BRSPRIACNPB3;SPRINGER S.A.
SPTW11;FUNDS;BRSPTWCTF002;SP DOWNTOWN FDO INV IMOB - FII
SPVJ11;FUNDS;BRSPVJCTF005;FUND. INVEST. IMOB. SUCCESPAR VAREJO
SQIA3;SHARES;BRSQIAACNOR6;SINQIA S.A.
SRXM34;BDR;BRSRXMBDR002;SIRIUS XM HOLDINGS INC
SSFO34;BDR;BRSSFOBDR003;SALESFORCE.COM, INC.
STAL6;SHARES;BRSTALACNPB5;SETAL TELECOM S.A.
STBP3;SHARES;BRSTBPACNOR3;SANTOS BRASIL PARTICIPACOES S.A.
STDS11;FUNDS;BRSTDSCTF014;START DESENHOS ANIMADOS LTDA.
STKF3;SHARES;BRSTKFACNOR5;STATKRAFT ENERGIAS RENOVAVEIS S.A.
STMN34;BDR;BRSTMNBDR009;STMICROELECTRONICS NV
STRX11;FUNDS;BRSTRXCTF006;STARX FDO INV IMOB - FII
STTR3;SHARES;BRSTTRACNOR1;STARA S.A. - INDÚSTRIA DE IMPLEMENTOS AGRÍCOLAS
STZB34;BDR;BRSTZBBDR006;CONSTELLATION BRANDS INC
SULA11;UNIT;BRSULACDAM12;SUL AMERICA S.A.
SULA11F;UNIT;BRSULACDAM12;SUL AMERICA S.A.
SULA3;SHARES;BRSULAACNOR2;SUL AMERICA S.A.
SULA4;SHARES;BRSULAACNPR9;SUL AMERICA S.A.
SUPF12;FUNDS;BRSUPFCTF021;CINEMATOGRAFICA SUPERFILMES LTDA
SUZB3;SHARES;BRSUZBACNOR0;SUZANO S.A.
SVPH7;SHARES;BRSVPHACNPC5;SALVADOR PRAIA HOTEL S.A.
T1DG34;BDR;BRT1DGBDR003;TRANSDIGM GROUP INC
T1EC34;BDR;BRT1ECBDR000;TechnipFMC PLC
T1EL34;BDR;BRT1ELBDR001;TE CONNECTIVITY LTD
T1FX34;BDR;BRT1FXBDR003;TELEFLEX INC
T1MU34;BDR;BRT1MUBDR005;T-MOBILE US INC
T1OW34;BDR;BRT1OWBDR007;AMERICAN TOWER CORP
T1RI34;BDR;BRT1RIBDR009;TRIPADVISOR INC
T1RO34;BDR;BRT1ROBDR007;T ROWE PRICE GROUP INC
T1SC34;BDR;BRT1SCBDR000;TRACTOR SUPPLY CO
T1SO34;BDR;BRT1SOBDR005;THE SOUTHERN CO
T1TW34;BDR;BRT1TWBDR006;TAKE-TWO INTERACTIVE SOFTWARE INC
T1XT34;BDR;BRT1XTBDR004;TEXTRON INC
TAEE11;UNIT;BRTAEECDAM10;TRANSMISSORA ALIANÇA DE ENERGIA ELÉTRICA S.A.
TAEE11F;UNIT;BRTAEECDAM10;TRANSMISSORA ALIANÇA DE ENERGIA ELÉTRICA S.A.
TAEE3;SHARES;BRTAEEACNOR9;TRANSMISSORA ALIANÇA DE ENERGIA ELÉTRICA S.A.
TAEE4;SHARES;BRTAEEACNPR6;TRANSMISSORA ALIANÇA DE ENERGIA ELÉTRICA S.A.
TAKP34;BDR;BRTAKPBDR006;TAKEDA PHARMACEUTICAL CO LTD
TASA3;SHARES;BRTASAACNOR7;TAURUS ARMAS S.A.
TASA4;SHARES;BRTASAACNPR4;TAURUS ARMAS S.A.
TBOF11;FUNDS;BRTBOFCTF006;FDO INV IMOB - FII TB OFFICE
TCNO3;SHARES;BRTCNOACNOR5;TECNOSOLO ENGENHARIA S.A.
TCNO4;SHARES;BRTCNOACNPR2;TECNOSOLO ENGENHARIA S.A.
TCPF11;FUNDS;BRTCPFCTF001;TREECORP REAL ESTATE FDO INV IMOB - I
TCQC3;SHARES;BRTCQCACNOR3;INDUSTRIA CARBOQUIMICA CATARINENSE S/A
TCQC4;SHARES;BRTCQCACNPR0;INDUSTRIA CARBOQUIMICA CATARINENSE S/A
TCSA3;SHARES;BRTCSAACNOR3;TECNISA S.A.
TECN3;SHARES;BRTECNACNOR6;TECHNOS S.A.
TEKA3;SHARES;BRTEKAACNOR6;TEKA-TECELAGEM KUEHNRICH S.A.
TEKA4;SHARES;BRTEKAACNPR3;TEKA-TECELAGEM KUEHNRICH S.A.
TELB3;SHARES;BRTELBACNOR2;TELEC BRASILEIRAS S.A. TELEBRAS
TELB4;SHARES;BRTELBACNPR9;TELEC BRASILEIRAS S.A. TELEBRAS
TELD11;FUNDS;BRTELDCTF001;TELLUS DESENVOLVIMENTO LOGÍSTICO FDO. INVEST. IMOB
TEND3;SHARES;BRTENDACNOR4;CONSTRUTORA TENDA S.A.
TEPP11;FUNDS;BRTEPPCTF006;TELLUS PROPERTIES - FDO INV. IMOB
TESA3;SHARES;BRTESAACNOR9;TERRA SANTA AGRO S.A.
TEXA34;BDR;BRTEXABDR003;TEXAS INSTRUMENTS INC.
TGAR11;FUNDS;BRTGARCTF009;FDO INV IMOB TG ATIVO REAL
TGMA3;SHARES;BRTGMAACNOR7;TEGMA GESTAO LOGISTICA S.A.
TGTB34;BDR;BRTGTBBDR004;TARGET CORP
THGI34;BDR;BRTHGIBDR004;HANOVER INSURANCE GROUP INC
THRA11;FUNDS;BRTHRACTF007;FDO INV IMOB - FII CYRELA THERA CORPORATE
TIET11;UNIT;BRTIETCDAM15;AES TIETE ENERGIA SA
TIET11F;UNIT;BRTIETCDAM15;AES TIETE ENERGIA SA
TIET3;SHARES;BRTIETACNOR0;AES TIETE ENERGIA SA
TIET4;SHARES;BRTIETACNPR7;AES TIETE ENERGIA SA
TIFF34;BDR;BRTIFFBDR000;TIFFANY CO
TIMP3;SHARES;BRTIMPACNOR1;TIM PARTICIPACOES S.A.
TIPR11;FUNDS;BRTIPRCTF011;TIETE PROD. CINEMATOGRAFICAS LTDA
TJXC34;BDR;BRTJXCBDR008;TJX COMPANIES INC
TKNO3;SHARES;BRTKNOACNOR8;TEKNO S.A. - INDUSTRIA E COMERCIO
TKNO4;SHARES;BRTKNOACNPR5;TEKNO S.A. - INDUSTRIA E COMERCIO
TLNC34;BDR;BRTLNCBDR005;TELEFONICA SA
TMCO34;BDR;BRTMCOBDR001;TOYOTA MOTOR CORP.
TMFI11;FUNDS;BRTMFICTF005;FDO INV IMOB TM - FII
TMOS34;BDR;BRTMOSBDR007;THERMO FISHER SCIENTIFIC, INC.
TOGA11;SHARES;BRTOGAA01OR4;TOGA EMPREENDIMENTOS HOTELEIROS S.A.
TORD11;FUNDS;BRTORDCTF015;TORDESILHAS EI FDO. INV. IMOB.
TORM13;FUNDS;BRTORMCTF024;FDO INV IMOB TOURMALET I
TORM14;FUNDS;BRTORMCTF032;FDO INV IMOB TOURMALET I
TOTS3;SHARES;BRTOTSACNOR8;TOTVS S.A.
TOUR11;FUNDS;BRTOURCTF001;FDO INV IMOB TOURMALET II
TOUR12;FUNDS;BRTOURCTF019;FDO INV IMOB TOURMALET II
TOUR13;FUNDS;BRTOURCTF027;FDO INV IMOB TOURMALET II
TPIS3;SHARES;BRTPISACNOR8;TPI - TRIUNFO PARTICIP. E INVEST. S.A.
TPRY34;BDR;BRTPRYBDR001;TAPESTRY INC
TRBR3;SHARES;BRTRBRACNOR1;TRANSBRASIL S.A. LINHAS AEREAS
TRBR4;SHARES;BRTRBRACNPR8;TRANSBRASIL S.A. LINHAS AEREAS
TREG3;SHARES;BRTREGACNOR8;TANGARA ENERGIA S.A.
TRIS3;SHARES;BRTRISACNOR4;TRISUL S.A.
TRNT11;FUNDS;BRTRNTCTF013;FDO INV IMOB - FII TORRE NORTE
TRPL3;SHARES;BRTRPLACNOR4;CTEEP - CIA TRANSMISSÃO ENERGIA ELÉTRICA PAULISTA
TRPL4;SHARES;BRTRPLACNPR1;CTEEP - CIA TRANSMISSÃO ENERGIA ELÉTRICA PAULISTA
TRVC34;BDR;BRTRVCBDR005;THE TRAVELERS COMPANIES, INC
TRXB11;FUNDS;BRTRXBCTF002;TRX REAL ESTATE II FDO. INVEST. IMOB.
TRXF11;FUNDS;BRTRXFCTF003;TRX REAL ESTATE FDO. INV. IMOB. - FII
TSLA34;BDR;BRTSLABDR008;TESLA, INC
TSMC34;BDR;BRTSMCBDR002;TAIWAN SEMICONDUCTOR MANUFACTURING CO LTD
TSNC11;FUNDS;BRTSNCCTF009;TRANSINC FDO INV IMOB - FII
TSNF34;BDR;BRTSNFBDR003;TYSON FOODS INC
TUPY3;SHARES;BRTUPYACNOR1;TUPY S.A.
TVIT3;SHARES;BRTVITACNOR4;TIVIT TERC. DE PROC., SERV. E TEC. S.A.
TVOP11;FUNDS;BRTVOPCTF011;T. V. O. PRODUCOES AUDIOVISUAIS LTDA.
TWTR34;BDR;BRTWTRBDR007;TWITTER, INC.
TXBZ11;SHARES;BRTXBZA02OR1;TBM - TEXTIL BEZERRA DE MENEZES S.A.
TXBZ5;SHARES;BRTXBZACNPA5;TBM - TEXTIL BEZERRA DE MENEZES S.A.
TXRX11;SHARES;BRTXRXA01OR4;TEXTIL RENAUXVIEW S.A.
TXRX3;SHARES;BRTXRXACNOR3;TEXTIL RENAUXVIEW S.A.
TXRX4;SHARES;BRTXRXACNPR0;TEXTIL RENAUXVIEW S.A.
TXSA34;BDR;BRTXSABDR003;TERNIUM SA
U1AI34;BDR;BRU1AIBDR002;UNDER ARMOUR INC
U1AL34;BDR;BRU1ALBDR006;UNITED AIRLINES HOLDINGS INC
U1BE34;BDR;BRU1BEBDR009;UBER TECHNOLOGIES INC
U1DR34;BDR;BRU1DRBDR007;UDR INC
U1HS34;BDR;BRU1HSBDR006;UNIVERSAL HEALTH SERVICES INC
U1LT34;BDR;BRU1LTBDR006;ULTA BEAUTY INC
U1NM34;BDR;BRU1NMBDR007;UNUM GROUP
U1RI34;BDR;BRU1RIBDR006;UNITED RENTALS INC
UBSF11;FUNDS;BRUBSFCTF005;FDO INV IMOB - FII UBS (BR) FUNDOS IMOBILIÁRIOS
UBSG34;BDR;BRUBSGBDR004;UBS GROUP AG
UBSR11;FUNDS;BRUBSRCTF000;FDO INV IMOB - FII UBS (BR) RECEB IMOB
UCAS3;SHARES;BRUCASACNOR1;UNICASA INDÚSTRIA DE MÓVEIS S.A.
UGPA3;SHARES;BRUGPAACNOR8;ULTRAPAR PARTICIPACOES S.A.
ULEV34;BDR;BRULEVBDR002;UNILEVER PLC
UNHH34;BDR;BRUNHHBDR000;UNITEDHEALTH GROUP INC
UNIP3;SHARES;BRUNIPACNOR7;UNIPAR CARBOCLORO S.A.
UNIP5;SHARES;BRUNIPACNPA0;UNIPAR CARBOCLORO S.A.
UNIP6;SHARES;BRUNIPACNPB8;UNIPAR CARBOCLORO S.A.
UPAC34;BDR;BRUPACBDR001;UNION PACIFIC CORPORATION
UPKP3B;SHARES;BRUPKPACNOR8;UPTICK PARTICIPACOES S.A.
UPSS34;BDR;BRUPSSBDR009;UNITED PARCEL SERVICE, INC.
URPR11;FUNDS;BRURPRCTF002;URCA PRIME RENDA FUNDO DE INVESTIMENTO IMOBILIÁRIO
USAT4;SHARES;BRUSATACNPR2;USATI PARTICIPACOES PORTUARIAS S.A.
USBC34;BDR;BRUSBCBDR003;U.S. BANCORP
USIM3;SHARES;BRUSIMACNOR3;USINAS SID DE MINAS GERAIS S.A.-USIMINAS
USIM5;SHARES;BRUSIMACNPA6;USINAS SID DE MINAS GERAIS S.A.-USIMINAS
USIM6;SHARES;BRUSIMACNPB4;USINAS SID DE MINAS GERAIS S.A.-USIMINAS
USSX34;BDR;BRUSSXBDR003;UNITED STATES STEEL CORPORATION
V1AR34;BDR;BRV1ARBDR002;VARIAN MEDICAL SYSTEMS INC
V1MC34;BDR;BRV1MCBDR009;VULCAN MATERIALS CO
V1NO34;BDR;BRV1NOBDR002;VORNADO REALTY TRUST
V1RS34;BDR;BRV1RSBDR004;VERISK ANALYTICS INC
V1TA34;BDR;BRV1TABDR008;VENTAS INC
VALE3;SHARES;BRVALEACNOR0;VALE S.A.
VAMO3;SHARES;BRVAMOACNOR7;VAMOS LOCAÇÃO DE CAMINHÕES, MÁQUINAS E EQUIP. S.A.
VCJR11;FUNDS;BRVCJRCTF005;VECTIS JUROS REAL FDO INV. IMOB. - FII
VECF3;SHARES;BRVECFACNOR8;VALEC - ENG.CONSTRUCOES E FERROVIAS S.A.
VERE11;FUNDS;BRVERECTF002;FDO INV IMOB VEREDA - FII
VERZ34;BDR;BRVERZBDR008;VERIZON COMMUNICATIONS INC.
VFCO34;BDR;BRVFCOBDR001;VF CORP
VGIP11;FUNDS;BRVGIPCTF002;VALORA CRI ÍNDICE DE PREÇO FDO INVEST. IMOB. FII
VGIR11;FUNDS;BRVGIRCTF008;VALORA RE III FDO INV IMOB - FII
VIDS11;FUNDS;BRVIDSCTF003;VIC DESENVOLVIMENTO VINTAGE 20/21 FUND INVEST IMOB
VIFI11;FUNDS;BRVIFICTF009;VINCI INSTRUMENTOS FINANCEIROS FDO INV IMOB - FII
VIGT11;FUNDS;BRVIGTCTF004;VINCI ENERGIA FDO INV PART IE
VILG11;FUNDS;BRVILGCTF001;VINCI LOGÍSTICA FDO INV IMOB - FII
VINO11;FUNDS;BRVINOCTF001;VINCI OFFICES FDO INV IMOB
VISA34;BDR;BRVISABDR000;VISA INC.
VISC11;FUNDS;BRVISCCTF005;VINCI SHOPPING CENTERS FDO INVEST IMOB - FII
VIVA3;SHARES;BRVIVAACNOR0;VIVARA PARTICIPAÇOES S.A
VIVR3;SHARES;BRVIVRACNOR4;VIVER INCORPORADORA E CONSTRUTORA S.A.
VIVT3;SHARES;BRVIVTACNOR0;TELEFÔNICA BRASIL S.A
VIVT4;SHARES;BRVIVTACNPR7;TELEFÔNICA BRASIL S.A
VLID3;SHARES;BRVLIDACNOR5;VALID SOLUÇÕES S.A.
VLJS11;FUNDS;BRVLJSCTF020;VECTOR QUELUZ ATIVOS IMOB FDO INV IMOB
VLJS12;FUNDS;BRVLJSCTF012;VECTOR QUELUZ ATIVOS IMOB FDO INV IMOB
VLJS13;FUNDS;BRVLJSCTF038;VECTOR QUELUZ ATIVOS IMOB FDO INV IMOB
VLOE34;BDR;BRVLOEBDR005;VALERO ENERGY CORPORATION
VLOL11;FUNDS;BRVLOLCTF009;FDO INV IMOB - FII VILA OLÍMPIA CORPORATE
VLPN3;SHARES;BRVLPNACNOR9;ELETRICIDADE VALE PARANAPANEMA S.A.
VLYB34;BDR;BRVLYBBDR000;VALLEY NATIONAL BANCORP
VOTS11;FUNDS;BRVOTSCTF007;VOTORANTIM SECURITIES MASTER FDO INV IMOB - FII
VPSI11;FUNDS;BRVPSICTF007;FDO INV IMOB POLO SHOPPING INDAIATUBA
VRSN34;BDR;BRVRSNBDR004;VERISIGN INC
VRTA11;FUNDS;BRVRTACTF008;FATOR VERITA FDO INV IMOB - FII
VRTX34;BDR;BRVRTXBDR001;VERTEX PHARMACEUTICALS INC
VSEC11;FUNDS;BRVSECCTF004;FDO INV IMOB VOTORANTIM SECURITIES
VSHO11;FUNDS;BRVSHOCTF002;FDO INV IMOB VOTORANTIM SHOPPING
VSPT3;SHARES;BRVSPTACNOR1;FERROVIA CENTRO-ATLANTICA S.A.
VSPT4;SHARES;BRVSPTACNPR8;FERROVIA CENTRO-ATLANTICA S.A.
VTLT11;FUNDS;BRVTLTCTF001;FDO INV IMOB VOTORANTIM LOGISTICA
VTPA11;FUNDS;BRVTPACTF002;FDO. INVEST. IMOB. VOTORANTIM PATRIMONIAL V
VTPL11;FUNDS;BRVTPLCTF009;FDO INV. IMOB. PLUS
VTVI11;FUNDS;BRVTVICTF003;PARKING PARTNERS FDO. INVEST. IMOB.
VTXI11;FUNDS;BRVTXICTF009;FDO. INVEST. IMOB. VOTORANTIM PATRIMONIAL XII
VULC3;SHARES;BRVULCACNOR2;VULCABRAS/AZALEIA S.A.
VVAR3;SHARES;BRVVARACNOR1;VIA VAREJO S.A.
VVPR11;FUNDS;BRVVPRCTF002;FDO INV IMOB - V2 PROPERTIES
VXXV11;FUNDS;BRVXXVCTF004;VX XVI - FDO INV. IMOB.
W1AB34;BDR;BRW1ABBDR005;WABTEC CORP
W1DA34;BDR;BRW1DABDR001;WORKDAY INC
W1DC34;BDR;BRW1DCBDR007;WESTERN DIGITAL CORP
W1EC34;BDR;BRW1ECBDR005;WEC ENERGY GROUP INC
W1EL34;BDR;BRW1ELBDR006;WELLTOWER INC
W1HR34;BDR;BRW1HRBDR006;WHIRLPOOL CORP
W1LT34;BDR;BRW1LTBDR004;WILLIS TOWERS WATSON PLC
W1MB34;BDR;BRW1MBBDR000;THE WILLIAMS COS INC
W1MC34;BDR;BRW1MCBDR008;WASTE MANAGEMENT INC
W1RK34;BDR;BRW1RKBDR000;WESTROCK CO
W1YC34;BDR;BRW1YCBDR003;WEYERHAEUSER CO
W1YN34;BDR;BRW1YNBDR000;WYNN RESORTS LTD
WABC34;BDR;BRWABCBDR007;WESTERN ALLIANCE BANCORPORATION
WALM34;BDR;BRWALMBDR005;WALMART INC.
WATC34;BDR;BRWATCBDR009;WATERS CORP
WEGE3;SHARES;BRWEGEACNOR0;WEG S.A.
WFCO34;BDR;BRWFCOBDR009;WELLS FARGO & COMPANY
WGBA34;BDR;BRWGBABDR008;WALGREENS BOOTS ALLIANCE INC
WHRL3;SHARES;BRWHRLACNOR5;WHIRLPOOL S.A.
WHRL4;SHARES;BRWHRLACNPR2;WHIRLPOOL S.A.
WIRE3;SHARES;BRWIREACNOR8;WIREX CABLE S.A.
WIZS3;SHARES;BRWIZSACNOR1;WIZ SOLUÇÕES E CORRETAGEM DE SEGUROS S.A.
WLMM3;SHARES;BRWLMMACNOR6;WLM PART. E COMÉRCIO DE MÁQUINAS E VEÍCULOS S.A.
WLMM4;SHARES;BRWLMMACNPR3;WLM PART. E COMÉRCIO DE MÁQUINAS E VEÍCULOS S.A.
WPLZ11;FUNDS;BRWPLZCTF004;SHOPPING WEST PLAZA FDO INV IMOB
WSON33;BDR;BRWSONBDR009;WILSON SONS LTD.
WTSP11B;FUNDS;BRWTSPCTF002;FDO INV IMOB - OURINVEST RE I
WUNI34;BDR;BRWUNIBDR007;THE WESTERN UNION COMPANY
X1EL34;BDR;BRX1ELBDR005;XCEL ENERGY INC
X1LN34;BDR;BRX1LNBDR006;XILINX INC
X1YL34;BDR;BRX1YLBDR003;XYLEM INC
XPCE11;FUNDS;BRXPCECTF006;XPCE RE FDO INV IMOB
XPCI11;FUNDS;BRXPCICTF007;XP CREDITO IMOBILIÁRIO - FDO INV IMOB
XPCM11;FUNDS;BRXPCMCTF009;XP CORPORATE MACAÉ FDO INV IMOB - FII
XPHT11;FUNDS;BRXPHTCTF003;XP HOTÉIS - FDO INV IMOB - FII
XPHT12;FUNDS;BRXPHTCTF011;XP HOTÉIS - FDO INV IMOB - FII
XPHT13;FUNDS;BRXPHTCTF029;XP HOTÉIS - FDO INV IMOB - FII
XPIE11;FUNDS;BRXPIECTF003;XP INFRA II FDO DE INV PART IE
XPIN11;FUNDS;BRXPINCTF004;XP INDUSTRIAL FDO INV IMOB - FII
XPLG11;FUNDS;BRXPLGCTF002;XP LOG FDO INV IMOB - FII
XPML11;FUNDS;BRXPMLCTF000;XP MALLS FDO INV IMOB FII
XPOM11;FUNDS;BRXPOMCTF004;FDO INV PART IE XP OMEGA I
XPPR11;FUNDS;BRXPPRCTF000;XP PROPERTIES FDO. INV. IMOB.
XPSF11;FUNDS;BRXPSFCTF009;XP SELECTION FDO DE FUNDOS INV IMOB - FII
XRAY34;BDR;BRXRAYBDR005;DENTSPLY SIRONA INC
XRXB34;BDR;BRXRXBBDR005;XEROX HOLDINGS CORPORATION
XTED11;FUNDS;BRXTEDCTF006;TRX EDIFÍCIOS CORPORATIVOS FDO INV IMOB - FII
YCHY11;FUNDS;BRYCHYCTF009;RIZA ARCTIUM REAL ESTATE FDO INV IMOB
YDUQ3;SHARES;BRYDUQACNOR3;YDUQS PARTICIPACOES S.A.
YOUC3;SHARES;BRYOUCACNOR0;YOU INC INCORPORADORA E PARTICIPAÇÕES S.A.
YPEA11;FUNDS;BRYPEACTF016;YPEARTS AUDIOVISUAL LTDA.
YUMR34;BDR;BRYUMRBDR006;YUM BRANDS INC
Z1BH34;BDR;BRZ1BHBDR007;ZIMMER BIOMET HOLDINGS INC
Z1IO34;BDR;BRZ1IOBDR008;ZIONS BANCORPORATION NA
Z1TS34;BDR;BRZ1TSBDR006;ZOETIS INC